Age,Primary streaming service,Hours per day,While working,Instrumentalist,Composer,Fav genre,Exploratory,Foreign languages,BPM,Frequency [Classical],Frequency [Country],Frequency [EDM],Frequency [Folk],Frequency [Gospel],Frequency [Hip hop],Frequency [Jazz],Frequency [K pop],Frequency [Latin],Frequency [Lofi],Frequency [Metal],Frequency [Pop],Frequency [R&B],Frequency [Rap],Frequency [Rock],Frequency [Video game music],Anxiety,Depression,Insomnia,Ocd,Music effects,Anxiety_level,Depression_level,Insomnia_level,Ocd_level
18.0,Spotify,3.0,1,1,1,Latin,1,1,156.0,1,0,1,0,0,2,0,3,3,1,0,3,2,3,0,2,3.0,0.0,1.0,0.0,Improve,Mild,None,Mild,None
63.0,Pandora,1.5,1,0,0,Rock,1,0,119.0,2,0,0,1,2,1,3,1,2,1,0,2,2,1,3,1,7.0,2.0,2.0,1.0,Improve,Severe,Mild,Mild,Mild
18.0,Spotify,4.0,0,0,0,Video game music,0,1,132.0,0,0,3,0,0,1,1,3,0,2,2,1,0,1,1,3,7.0,7.0,10.0,2.0,No effect,Severe,Severe,Severe,Mild
61.0,Youtube music,2.5,1,0,1,Jazz,1,1,84.0,2,0,0,1,2,0,3,2,3,2,0,2,2,0,0,0,9.0,7.0,3.0,3.0,Improve,Severe,Severe,Mild,Mild
18.0,Spotify,4.0,1,0,0,R&b,1,0,107.0,0,0,1,0,1,3,0,3,2,2,0,2,3,3,0,1,7.0,2.0,5.0,9.0,Improve,Severe,Mild,Moderate,Severe
18.0,Spotify,5.0,1,1,1,Jazz,1,1,86.0,1,2,0,0,0,2,3,3,1,3,1,3,3,3,3,0,8.0,8.0,7.0,7.0,Improve,Severe,Severe,Severe,Severe
18.0,Youtube music,3.0,1,1,0,Video game music,1,1,66.0,2,0,1,2,1,1,2,0,1,1,1,1,1,0,0,2,4.0,8.0,6.0,0.0,Improve,Moderate,Severe,Moderate,None
21.0,Spotify,1.0,1,0,0,K pop,1,1,95.0,0,0,1,0,0,3,1,3,0,2,0,2,2,1,0,1,5.0,3.0,5.0,3.0,Improve,Moderate,Mild,Moderate,Mild
19.0,Spotify,6.0,1,0,0,Rock,0,0,94.0,0,3,0,2,0,0,0,0,0,0,3,0,0,0,3,0,2.0,0.0,0.0,0.0,Improve,Mild,None,None,None
18.0,I do not use a streaming service.,1.0,1,0,0,R&b,1,1,155.0,1,1,1,1,2,1,1,0,1,1,0,2,2,1,2,2,2.0,2.0,5.0,1.0,Improve,Mild,Mild,Moderate,Mild
18.0,Spotify,3.0,1,1,0,Country,1,0,120.0,0,3,0,0,0,0,0,0,0,0,0,1,1,0,1,0,7.0,7.0,4.0,7.0,No effect,Severe,Severe,Moderate,Severe
19.0,Youtube music,8.0,1,0,0,Edm,1,0,125.0,1,0,3,0,0,2,1,1,1,1,0,1,1,2,1,1,1.0,0.0,0.0,1.0,Improve,Mild,None,None,Mild
19.0,Spotify,2.0,1,0,0,Country,1,0,88.0,0,3,1,2,0,2,0,0,0,1,0,1,0,3,0,0,2.0,1.0,2.0,0.0,Improve,Mild,Mild,Mild,None
18.0,Spotify,4.0,1,1,0,Jazz,1,1,148.0,3,1,0,0,0,0,3,0,2,1,2,2,0,0,2,1,6.0,4.0,7.0,0.0,Improve,Moderate,Moderate,Severe,None
17.0,Spotify,2.0,0,0,0,Pop,1,1,120.0,1,1,0,0,0,2,1,1,1,1,1,3,1,2,2,1,7.0,5.0,4.0,1.0,Worsen,Severe,Moderate,Moderate,Mild
16.0,Spotify,8.0,1,0,0,Hip hop,1,1,103.0,0,0,0,0,0,3,0,0,0,0,0,0,2,3,0,1,8.0,8.0,4.0,3.0,Improve,Severe,Severe,Moderate,Mild
16.0,Spotify,12.0,1,0,1,Hip hop,1,1,120.0,1,0,2,1,0,3,1,0,0,0,2,2,1,2,3,0,5.0,7.0,10.0,0.0,Improve,Moderate,Severe,Severe,None
17.0,Spotify,24.0,1,0,0,Rap,1,0,99.0,1,0,0,0,0,2,2,2,1,0,2,1,2,3,3,0,7.0,5.0,0.0,3.0,Improve,Severe,Moderate,None,Mild
15.0,Spotify,3.0,0,0,0,Hip hop,0,0,120.0,0,0,0,0,0,3,1,0,0,0,1,1,2,3,1,0,7.0,3.0,0.0,2.0,Improve,Severe,Mild,None,Mild
15.0,Apple music,8.0,1,0,0,Hip hop,1,1,120.0,1,0,2,1,0,3,2,3,2,1,1,3,1,3,2,2,6.0,9.0,3.0,0.0,Improve,Moderate,Severe,Mild,None
17.0,Spotify,4.0,1,0,0,Rap,1,0,125.0,0,1,1,0,0,2,0,0,0,1,1,2,0,3,2,0,10.0,10.0,2.0,4.0,Improve,Severe,Severe,Mild,Moderate
19.0,I do not use a streaming service.,5.0,1,0,0,R&b,1,1,118.0,1,1,2,3,1,3,2,0,0,1,1,1,3,3,2,1,6.0,7.0,5.0,4.0,Improve,Moderate,Severe,Moderate,Moderate
18.0,Spotify,2.0,1,0,0,Pop,0,1,79.0,1,1,2,0,0,1,0,1,2,0,0,3,0,0,0,1,3.0,3.0,8.0,6.0,No effect,Mild,Mild,Severe,Moderate
16.0,Other streaming service,3.0,1,1,1,Rock,1,1,84.0,1,1,0,1,2,2,2,0,1,0,2,0,2,1,3,2,10.0,6.0,8.0,10.0,Improve,Severe,Moderate,Severe,Severe
18.0,Spotify,2.0,0,0,0,Pop,1,1,169.0,2,1,1,3,1,1,1,3,0,2,0,3,2,2,2,0,7.0,4.0,2.0,5.0,Improve,Severe,Moderate,Mild,Moderate
14.0,Spotify,12.0,1,1,1,Rock,1,1,136.0,2,2,1,1,1,3,2,0,0,3,0,3,3,3,3,2,8.0,6.0,10.0,5.0,Improve,Severe,Moderate,Severe,Moderate
18.0,Youtube music,6.0,1,1,1,Pop,0,1,101.0,2,1,1,1,1,2,2,0,0,0,0,3,2,2,0,0,3.0,2.0,1.0,2.0,Improve,Mild,Mild,Mild,Mild
17.0,Spotify,2.0,1,1,0,Pop,1,1,126.0,0,3,1,1,0,0,1,2,3,1,1,3,1,0,2,2,6.0,6.0,4.0,5.0,Improve,Moderate,Moderate,Moderate,Moderate
17.0,Apple music,1.0,1,0,0,Pop,1,0,183.0,1,0,0,1,0,0,2,0,0,0,2,2,0,0,2,0,8.0,2.0,1.0,5.0,Improve,Severe,Mild,Mild,Moderate
20.0,Apple music,5.0,1,1,0,Rock,1,1,120.0,0,1,1,3,0,3,2,0,2,2,3,2,2,2,3,1,7.0,7.0,2.0,0.0,Improve,Severe,Severe,Mild,None
19.0,Spotify,2.0,1,0,0,Classical,0,0,120.0,3,0,0,0,0,1,1,0,0,2,0,3,0,0,0,3,4.0,4.0,4.0,3.0,No effect,Moderate,Moderate,Moderate,Mild
19.0,Spotify,6.0,1,1,0,Metal,1,1,120.0,0,0,0,1,0,1,2,1,0,2,3,2,0,0,2,2,9.0,8.0,2.0,3.0,Improve,Severe,Severe,Mild,Mild
17.0,Spotify,4.0,0,0,0,Rock,1,1,142.0,1,1,1,3,0,2,1,1,0,1,1,3,1,2,3,1,5.0,6.0,6.0,1.0,Improve,Moderate,Moderate,Moderate,Mild
16.0,Spotify,1.0,1,0,0,Classical,0,0,75.0,3,0,0,1,0,0,0,0,0,0,1,0,0,0,0,1,0.0,0.0,0.0,0.0,No effect,None,None,None,None
18.0,Spotify,5.0,1,1,0,Pop,1,0,120.0,2,1,2,1,2,2,1,2,1,2,1,3,2,2,1,0,3.0,2.0,1.0,1.0,Improve,Mild,Mild,Mild,Mild
21.0,Spotify,4.0,1,0,0,Pop,0,1,89.0,0,0,1,0,0,2,0,1,1,0,0,3,0,1,0,0,6.0,8.0,0.0,2.0,Improve,Moderate,Severe,None,Mild
17.0,Other streaming service,3.0,1,0,0,Pop,1,0,120.0,0,0,2,0,0,3,1,2,0,0,1,3,2,3,3,0,2.0,0.0,4.0,0.0,No effect,Mild,None,Moderate,None
26.0,Other streaming service,0.5,0,0,0,Rock,0,1,140.0,1,0,1,2,0,0,1,0,0,0,0,1,0,0,3,0,9.0,8.0,1.0,0.0,No effect,Severe,Severe,Mild,None
20.0,Spotify,4.0,1,0,0,Edm,1,0,161.0,1,1,3,2,1,2,1,2,0,2,1,3,3,2,3,1,7.0,2.0,8.0,6.0,Improve,Severe,Mild,Severe,Moderate
23.0,Youtube music,2.0,1,1,1,Video game music,1,0,80.0,2,1,0,1,2,0,2,1,1,1,1,2,2,1,2,3,4.0,2.0,3.0,4.0,Improve,Moderate,Mild,Mild,Moderate
18.0,Spotify,5.0,1,1,0,Rock,1,0,130.0,3,0,0,2,0,2,2,1,0,2,3,2,1,2,3,2,7.0,6.0,5.0,0.0,Improve,Severe,Moderate,Moderate,None
37.0,Youtube music,0.25,0,0,0,Video game music,1,0,147.0,3,1,0,1,0,1,2,0,1,0,0,3,2,0,2,2,3.0,2.0,10.0,0.0,No effect,Mild,Mild,Severe,None
17.0,Spotify,3.0,1,0,0,Classical,1,1,120.0,3,0,3,0,0,3,2,2,1,2,0,2,3,3,1,2,6.0,6.0,8.0,2.0,Improve,Moderate,Moderate,Severe,Mild
18.0,Spotify,4.0,1,0,0,Metal,1,1,77.0,1,0,0,0,0,3,1,0,0,0,3,2,2,3,3,3,1.0,0.0,8.0,2.0,No effect,Mild,None,Severe,Mild
17.0,I do not use a streaming service.,1.0,1,1,1,Folk,0,0,118.0,0,2,1,3,0,1,0,0,1,1,1,1,1,2,2,2,7.0,3.0,1.0,5.0,Improve,Severe,Mild,Mild,Moderate
36.0,Spotify,1.0,0,1,1,Classical,0,0,132.0,3,2,0,1,0,0,0,0,0,0,2,1,0,0,2,0,8.0,9.0,3.0,0.0,No effect,Severe,Severe,Mild,None
24.0,Spotify,3.0,1,0,0,Rock,1,1,115.0,1,0,1,2,0,0,0,1,0,3,1,2,0,0,3,2,9.0,6.0,4.0,3.0,Improve,Severe,Moderate,Moderate,Mild
18.0,Spotify,5.0,1,0,1,Metal,1,1,157.0,0,0,1,1,0,3,1,0,1,1,3,2,1,3,3,0,7.0,9.0,5.0,0.0,Improve,Severe,Severe,Moderate,None
19.0,Spotify,3.0,1,0,0,Pop,0,1,90.0,2,1,2,0,0,3,2,1,0,2,1,3,2,2,2,2,7.0,4.0,2.0,4.0,No effect,Severe,Moderate,Mild,Moderate
17.0,Apple music,2.0,1,1,0,Edm,1,0,128.0,0,1,3,0,0,1,0,0,1,1,3,2,2,2,3,1,0.0,0.0,0.0,0.0,Improve,None,None,None,None
16.0,Spotify,6.0,1,0,0,K pop,1,1,169.0,1,0,0,1,2,3,1,3,3,3,0,2,3,3,1,0,7.0,8.0,7.0,5.0,Improve,Severe,Severe,Severe,Moderate
23.0,Apple music,1.0,0,0,0,Rap,0,1,140.0,2,1,2,1,0,3,3,0,0,0,2,1,1,3,3,1,10.0,6.0,3.0,10.0,No effect,Severe,Moderate,Mild,Severe
23.0,Spotify,12.0,1,0,0,Pop,1,1,96.0,3,1,0,3,0,1,2,1,1,1,0,3,2,1,1,0,3.0,7.0,5.0,5.0,No effect,Mild,Severe,Moderate,Moderate
22.0,Spotify,4.0,1,0,1,Rock,1,1,126.0,1,0,1,2,0,1,1,0,0,1,2,3,2,1,3,1,8.0,7.0,4.0,3.0,Improve,Severe,Severe,Moderate,Mild
16.0,Apple music,2.0,1,1,0,Classical,1,0,120.0,3,0,0,0,0,1,2,0,0,0,0,1,1,1,2,1,0.0,0.0,1.0,3.0,Improve,None,None,Mild,Mild
18.0,Spotify,6.0,1,0,0,Rock,1,0,91.0,1,0,0,1,0,0,0,0,0,0,3,1,0,2,3,0,8.0,6.0,2.0,10.0,No effect,Severe,Moderate,Mild,Severe
42.0,I do not use a streaming service.,0.0,1,0,0,Rock,0,1,120.0,1,1,0,0,0,0,1,0,0,0,2,1,1,0,2,2,9.0,0.0,10.0,0.0,No effect,Severe,None,Severe,None
23.0,Spotify,7.0,1,0,0,Folk,1,1,55.0,1,3,0,3,3,2,1,0,1,0,2,2,1,1,1,2,6.0,4.0,2.0,3.0,Improve,Moderate,Moderate,Mild,Mild
23.0,I do not use a streaming service.,1.0,1,1,0,Video game music,0,0,85.0,2,2,2,1,0,1,2,1,1,3,0,2,3,1,2,3,7.0,0.0,0.0,2.0,Improve,Severe,None,None,Mild
19.0,Youtube music,1.0,0,1,0,K pop,1,1,160.0,0,0,0,0,0,0,2,3,0,0,0,0,0,0,0,1,10.0,1.0,0.0,0.0,Improve,Severe,Mild,None,None
22.0,Pandora,1.0,0,1,0,Rock,1,0,108.0,1,0,2,1,0,0,3,0,0,0,0,2,1,0,3,1,8.0,7.0,0.0,5.0,Improve,Severe,Severe,None,Moderate
15.0,Other streaming service,2.0,1,1,0,Rock,0,0,156.0,0,0,1,1,0,0,0,0,0,1,2,2,0,0,3,2,3.0,2.0,6.0,7.0,Improve,Mild,Mild,Moderate,Severe
25.0,Spotify,2.0,0,0,0,Metal,0,1,170.0,1,1,1,2,0,1,0,1,0,1,3,2,0,1,3,3,5.0,5.0,3.0,1.0,No effect,Moderate,Moderate,Mild,Mild
32.0,Spotify,5.0,1,0,0,Rock,0,1,91.0,2,0,1,2,0,2,1,1,0,0,3,3,3,1,3,0,10.0,10.0,3.0,1.0,Worsen,Severe,Severe,Mild,Mild
36.0,Spotify,6.0,1,0,0,Metal,1,1,174.0,3,0,1,3,0,0,0,2,0,1,3,1,0,0,2,3,5.0,4.0,10.0,2.0,Improve,Moderate,Moderate,Severe,Mild
24.0,Spotify,3.0,0,0,0,Rock,1,1,130.0,2,2,0,1,0,0,1,0,1,0,3,3,0,0,3,0,0.0,0.0,8.0,0.0,No effect,None,None,Severe,None
29.0,Spotify,4.0,0,0,0,Hip hop,1,0,140.0,1,2,1,0,1,3,1,1,1,1,0,2,2,2,2,0,8.0,8.0,5.0,10.0,Improve,Severe,Severe,Moderate,Severe
41.0,Apple music,3.0,1,1,1,Metal,1,1,130.0,2,0,2,0,0,1,1,0,0,2,2,2,0,1,1,0,10.0,7.0,8.0,0.0,Improve,Severe,Severe,Severe,None
36.0,I do not use a streaming service.,2.0,1,1,1,Rock,1,0,127.0,2,1,3,2,1,1,3,0,0,0,3,2,1,1,3,2,7.0,3.0,1.0,1.0,Improve,Severe,Mild,Mild,Mild
19.0,Youtube music,3.0,1,0,0,Rock,1,0,160.0,1,2,2,1,0,2,1,0,2,2,2,2,3,3,3,1,8.0,7.0,4.0,0.0,Improve,Severe,Severe,Moderate,None
31.0,Spotify,2.0,1,0,0,Rock,1,1,120.0,0,2,0,1,2,0,2,1,0,0,2,3,0,0,3,0,10.0,2.0,0.0,5.0,No effect,Severe,Mild,None,Moderate
16.0,Spotify,4.0,1,0,0,Rock,0,1,120.0,2,1,1,2,0,1,1,1,1,2,2,3,1,1,3,3,9.0,8.0,1.0,2.0,Improve,Severe,Severe,Mild,Mild
26.0,Spotify,2.0,1,1,1,Hip hop,1,1,165.0,1,1,3,1,1,3,1,1,1,1,1,2,1,3,3,1,6.0,3.0,1.0,1.0,Improve,Moderate,Mild,Mild,Mild
22.0,Apple music,0.5,0,0,0,Hip hop,0,0,113.0,2,0,0,0,0,3,1,0,1,0,0,2,2,3,0,0,7.0,7.0,0.0,1.0,No effect,Severe,Severe,None,Mild
16.0,Spotify,5.0,1,1,1,Jazz,1,1,167.0,2,1,0,0,1,1,3,3,1,0,0,3,1,3,2,0,7.0,7.0,8.0,4.0,Improve,Severe,Severe,Severe,Moderate
17.0,Spotify,5.0,1,0,0,Metal,1,1,95.0,0,2,1,1,0,0,0,0,0,0,3,1,0,0,3,2,4.0,1.0,0.0,0.0,Improve,Moderate,Mild,None,None
19.0,Spotify,10.0,1,0,0,R&b,1,1,110.0,0,1,3,0,0,2,0,3,0,0,0,1,3,1,0,0,7.0,2.0,1.0,5.0,Improve,Severe,Mild,Mild,Moderate
18.0,Youtube music,2.0,0,0,0,Edm,0,1,150.0,2,1,3,0,1,1,1,0,0,2,0,3,1,2,1,3,9.0,0.0,5.0,10.0,Improve,Severe,None,Moderate,Severe
18.0,Youtube music,4.0,1,0,0,Hip hop,1,1,93.0,0,0,1,0,0,3,2,2,1,2,0,3,3,3,2,1,2.0,7.0,1.0,1.0,Improve,Mild,Severe,Mild,Mild
19.0,Spotify,5.0,0,1,1,Rock,1,1,90.0,1,0,0,1,0,2,3,0,3,1,2,1,2,1,3,1,10.0,8.0,7.0,0.0,Improve,Severe,Severe,Severe,None
19.0,Spotify,3.0,1,0,0,Jazz,1,0,118.0,1,0,1,0,0,3,3,1,2,3,0,2,2,2,1,3,3.0,0.0,0.0,0.0,Improve,Mild,None,None,None
22.0,Spotify,2.0,1,0,0,K pop,1,1,126.0,0,0,3,0,0,2,0,3,0,0,0,2,0,2,3,1,7.0,8.0,5.0,1.0,No effect,Severe,Severe,Moderate,Mild
16.0,Spotify,2.5,1,1,1,Rock,1,1,103.0,1,2,0,3,0,1,2,0,2,2,1,3,1,0,3,1,2.0,1.0,0.0,0.0,Improve,Mild,Mild,None,None
19.0,Spotify,3.0,1,0,0,R&b,1,1,77.0,1,0,2,0,0,3,1,3,1,1,1,3,3,3,1,3,5.0,4.0,0.0,1.0,Improve,Moderate,Moderate,None,Mild
37.0,Spotify,1.0,1,0,0,Rock,0,0,115.0,1,1,1,1,0,1,1,1,0,1,1,2,1,1,3,0,9.0,10.0,6.0,10.0,No effect,Severe,Severe,Moderate,Severe
14.0,Spotify,7.0,1,1,0,Jazz,0,0,110.0,1,0,3,0,0,0,3,0,2,0,0,2,0,0,3,3,2.0,0.0,0.0,0.0,Improve,Mild,None,None,None
33.0,I do not use a streaming service.,1.0,0,0,0,Metal,0,1,120.0,1,2,2,0,0,2,0,0,1,0,3,2,1,2,2,2,5.0,2.0,5.0,1.0,Improve,Moderate,Mild,Moderate,Mild
26.0,Spotify,1.0,0,0,0,R&b,0,0,113.0,1,2,0,2,0,3,3,0,0,0,3,3,3,3,3,0,3.0,2.0,0.0,0.0,No effect,Mild,Mild,None,None
32.0,Spotify,3.0,1,0,0,Hip hop,0,0,157.0,0,0,1,0,0,3,0,0,2,1,0,2,3,3,1,0,2.0,0.0,7.0,0.0,No effect,Mild,None,Severe,None
30.0,Spotify,5.0,1,1,0,Metal,1,0,160.0,2,1,0,2,0,1,0,0,0,0,3,2,0,0,3,0,7.0,6.0,6.0,2.0,No effect,Severe,Moderate,Moderate,Mild
43.0,I do not use a streaming service.,6.0,1,1,1,Video game music,1,1,109.0,2,1,3,1,1,1,1,2,1,3,1,2,1,0,2,3,5.0,4.0,8.0,3.0,No effect,Moderate,Moderate,Severe,Mild
24.0,Spotify,4.0,1,0,0,Classical,1,1,175.0,3,1,1,0,0,1,1,0,0,0,2,3,1,0,3,1,4.0,6.0,5.0,3.0,Improve,Moderate,Moderate,Moderate,Mild
36.0,Youtube music,1.0,1,0,0,Rock,1,0,110.0,2,1,0,0,0,0,0,0,0,0,1,2,1,1,3,0,6.0,2.0,3.0,1.0,Improve,Moderate,Mild,Mild,Mild
19.0,Youtube music,4.0,1,0,0,Video game music,1,0,162.0,1,0,1,0,0,1,2,0,0,2,0,2,0,0,1,3,8.0,2.0,1.0,6.0,Improve,Severe,Mild,Mild,Moderate
22.0,Spotify,10.0,1,0,0,Metal,1,1,189.0,1,3,0,3,0,0,1,0,0,0,3,1,0,1,2,2,9.0,6.0,0.0,6.0,Improve,Severe,Moderate,None,Moderate
20.0,Spotify,3.0,0,0,1,Edm,1,1,121.0,1,2,3,0,0,2,0,1,0,2,0,2,0,2,2,1,0.0,3.0,7.0,0.0,Improve,None,Mild,Severe,None
31.0,Spotify,2.0,0,0,0,Rock,1,0,200.0,1,1,0,1,0,1,1,0,0,1,2,2,0,1,3,0,8.0,9.0,6.0,2.0,Improve,Severe,Severe,Moderate,Mild
19.0,Spotify,4.0,1,0,0,Metal,1,1,105.0,2,0,0,0,0,2,2,1,0,0,2,2,1,2,3,1,4.0,1.0,1.0,1.0,Improve,Moderate,Mild,Mild,Mild
15.0,Spotify,8.0,1,0,0,Rock,0,0,193.0,0,0,0,0,0,0,0,0,0,0,2,1,0,0,3,1,8.0,7.0,5.0,0.0,Improve,Severe,Severe,Moderate,None
18.0,Spotify,2.0,0,1,1,Metal,1,1,149.0,0,0,1,0,0,2,0,0,0,0,3,2,0,1,3,1,3.0,4.0,6.0,1.0,Improve,Mild,Moderate,Moderate,Mild
25.0,I do not use a streaming service.,0.5,0,1,0,Classical,0,0,140.0,3,0,0,0,1,0,2,0,2,0,1,1,1,0,3,2,1.0,1.0,3.0,1.0,Improve,Mild,Mild,Mild,Mild
17.0,Apple music,5.0,1,0,0,Metal,1,0,134.0,0,1,0,0,0,2,0,0,0,1,3,2,2,2,3,1,10.0,8.0,6.0,7.0,No effect,Severe,Severe,Moderate,Severe
28.0,Youtube music,1.0,0,0,0,Rock,1,0,120.0,1,0,3,2,0,0,0,0,0,1,1,1,0,0,2,1,6.0,6.0,2.0,0.0,No effect,Moderate,Moderate,Mild,None
20.0,Spotify,3.0,1,0,0,Rock,1,1,170.0,0,0,1,0,0,1,0,2,0,1,1,2,2,1,3,2,6.0,7.0,0.0,0.0,Improve,Moderate,Severe,None,None
21.0,Youtube music,2.0,1,1,0,Metal,1,1,107.0,2,1,0,3,0,0,1,0,0,1,3,1,0,1,2,3,8.0,4.0,10.0,0.0,No effect,Severe,Moderate,Severe,None
41.0,Spotify,3.0,1,0,0,Pop,0,1,113.0,2,0,1,1,1,3,2,1,1,0,1,3,3,2,3,0,9.0,7.0,6.0,2.0,No effect,Severe,Severe,Moderate,Mild
20.0,Spotify,2.0,1,1,0,Pop,1,0,126.0,0,0,2,0,0,1,0,0,0,0,0,3,0,1,3,2,7.0,4.0,6.0,5.0,Improve,Severe,Moderate,Moderate,Moderate
34.0,Other streaming service,4.0,1,0,0,Metal,1,1,161.0,1,0,2,0,0,2,1,0,0,0,3,1,0,2,2,1,6.0,7.0,0.0,0.0,No effect,Moderate,Severe,None,None
21.0,Youtube music,3.0,1,0,1,Metal,1,0,120.0,2,1,0,2,0,0,0,0,0,0,3,3,0,0,3,1,10.0,0.0,10.0,10.0,Improve,Severe,None,Severe,Severe
23.0,Spotify,2.0,1,0,0,Metal,1,1,100.0,1,0,0,1,0,0,0,0,0,2,3,1,0,0,2,1,6.0,3.0,0.0,1.0,Improve,Moderate,Mild,None,Mild
16.0,Spotify,3.0,0,0,0,Pop,0,0,140.0,1,0,0,0,0,2,1,0,1,0,0,3,2,1,0,0,7.0,5.0,5.0,3.0,Improve,Severe,Moderate,Moderate,Mild
19.0,Youtube music,4.0,1,0,0,Pop,1,0,156.0,1,1,1,1,0,2,1,1,0,0,1,3,1,2,2,2,7.0,10.0,5.0,0.0,Improve,Severe,Severe,Moderate,None
22.0,Spotify,2.0,1,1,0,Rock,1,1,98.0,2,0,0,1,0,2,2,0,2,1,1,3,2,2,3,2,8.0,6.0,0.0,0.0,Improve,Severe,Moderate,None,None
19.0,Spotify,8.0,1,0,0,K pop,1,1,100.0,3,0,1,0,0,2,2,3,0,3,0,3,2,1,1,1,4.0,3.0,0.0,0.0,Improve,Moderate,Mild,None,None
23.0,Spotify,4.0,1,0,0,Hip hop,1,1,78.0,1,0,2,2,0,3,1,3,2,3,1,3,3,3,2,2,7.0,6.0,7.0,5.0,Improve,Severe,Moderate,Severe,Moderate
23.0,Spotify,2.0,0,1,0,Metal,0,1,117.0,0,0,1,0,0,1,1,0,0,0,3,0,0,1,2,0,7.0,3.0,2.0,3.0,Improve,Severe,Mild,Mild,Mild
22.0,Spotify,1.0,0,0,1,Edm,1,0,128.0,0,0,3,0,1,2,2,0,0,0,0,3,3,2,2,0,2.0,7.0,5.0,0.0,Improve,Mild,Severe,Moderate,None
17.0,Spotify,3.0,1,0,0,Rock,1,0,130.0,1,2,2,2,0,1,1,1,0,3,2,3,3,2,3,2,7.0,8.0,6.0,5.0,Improve,Severe,Severe,Moderate,Moderate
28.0,Spotify,0.5,0,0,0,Folk,1,0,130.0,1,2,0,3,0,1,1,0,0,0,0,2,0,1,3,1,4.0,7.0,1.0,0.0,Improve,Moderate,Severe,Mild,None
23.0,Spotify,2.0,0,0,0,Rock,1,1,120.0,0,0,0,0,0,2,0,2,0,0,3,3,0,2,3,2,7.0,8.0,5.0,1.0,No effect,Severe,Severe,Moderate,Mild
19.0,Apple music,3.0,1,0,0,Rock,1,1,126.0,0,2,2,0,0,3,0,0,0,1,1,1,1,2,3,2,5.0,2.0,8.0,6.0,Improve,Moderate,Mild,Severe,Moderate
17.0,Spotify,2.0,1,1,1,Hip hop,1,1,122.0,1,0,2,2,0,3,2,1,1,1,3,1,1,3,3,0,10.0,7.0,4.0,2.0,Improve,Severe,Severe,Moderate,Mild
21.0,Youtube music,1.0,0,0,0,Rock,1,0,179.0,0,1,0,1,0,2,1,0,0,3,2,1,2,2,3,1,6.0,5.0,0.0,0.0,No effect,Moderate,Moderate,None,None
29.0,Other streaming service,5.0,1,0,0,Jazz,1,1,200.0,1,0,0,1,0,0,3,0,1,1,1,0,2,0,3,2,7.0,2.0,3.0,1.0,Improve,Severe,Mild,Mild,Mild
22.0,Spotify,10.0,0,1,1,Edm,0,1,128.0,2,2,3,3,0,0,1,0,0,0,1,0,1,0,2,2,4.0,7.0,7.0,3.0,Improve,Moderate,Severe,Severe,Mild
18.0,Spotify,4.0,1,1,1,Pop,1,1,130.0,2,1,2,1,0,1,2,2,2,2,3,3,1,1,3,3,4.0,5.0,6.0,5.0,Improve,Moderate,Moderate,Moderate,Moderate
13.0,Spotify,2.0,1,1,1,Rock,1,0,120.0,1,0,2,3,1,2,0,0,0,2,2,3,1,3,3,3,7.0,10.0,5.0,6.0,Worsen,Severe,Severe,Moderate,Moderate
24.0,Spotify,1.0,0,0,0,Metal,1,0,86.0,2,0,1,1,0,1,0,0,0,0,3,2,2,2,3,1,6.0,4.0,5.0,0.0,Improve,Moderate,Moderate,Moderate,None
35.0,Spotify,6.0,1,0,0,Rock,1,1,166.0,2,1,2,3,0,1,2,1,1,2,2,2,1,1,3,2,4.0,1.0,3.0,1.0,No effect,Moderate,Mild,Mild,Mild
29.0,Youtube music,1.0,1,1,0,Video game music,1,0,110.0,2,0,0,1,2,0,1,0,0,0,0,2,1,0,2,2,6.0,6.0,1.0,2.0,Improve,Moderate,Moderate,Mild,Mild
28.0,Spotify,6.0,1,0,0,Rock,0,0,144.0,2,1,0,2,0,1,1,0,1,1,2,2,2,1,3,3,10.0,8.0,7.0,1.0,Improve,Severe,Severe,Severe,Mild
32.0,Spotify,7.0,1,0,0,Pop,1,1,120.0,2,0,1,0,0,2,1,0,0,1,1,3,3,3,3,3,10.0,8.0,2.0,8.0,Improve,Severe,Severe,Mild,Severe
32.0,Other streaming service,1.0,0,0,0,Edm,1,0,120.0,1,0,3,1,1,2,1,0,1,1,0,2,1,1,1,0,3.0,6.0,2.0,0.0,No effect,Mild,Moderate,Mild,None
21.0,Spotify,3.0,1,1,0,Rock,1,0,160.0,0,0,0,3,0,2,0,0,0,2,3,1,0,1,3,2,8.0,9.0,2.0,0.0,Improve,Severe,Severe,Mild,None
18.0,Spotify,2.0,1,1,0,Video game music,0,1,101.0,0,0,2,0,0,1,0,0,0,1,0,1,0,0,2,3,8.0,3.0,8.0,7.0,Improve,Severe,Mild,Severe,Severe
19.0,Spotify,3.0,1,1,0,Classical,1,0,122.0,3,1,0,0,0,0,0,1,0,2,0,3,0,0,1,2,3.0,3.0,1.0,2.0,Improve,Mild,Mild,Mild,Mild
18.0,Apple music,2.0,1,1,0,Pop,1,1,120.0,1,1,0,0,0,1,0,3,1,1,1,3,1,1,1,0,6.0,5.0,2.0,0.0,Improve,Moderate,Moderate,Mild,None
16.0,Youtube music,3.0,1,0,1,Pop,0,0,120.0,1,2,2,0,0,1,0,2,0,2,0,3,0,1,3,1,0.0,0.0,4.0,0.0,No effect,None,None,Moderate,None
25.0,Spotify,1.5,1,0,0,Pop,0,0,61.0,2,1,1,2,0,1,0,0,0,1,1,3,3,1,3,0,6.0,5.0,0.0,2.0,Improve,Moderate,Moderate,None,Mild
17.0,Spotify,4.0,1,0,0,Lofi,1,1,79.0,3,0,0,0,2,2,1,2,0,3,0,3,2,2,1,3,3.0,8.0,0.0,0.0,Improve,Mild,Severe,None,None
16.0,Spotify,2.0,1,0,0,Rap,1,1,126.0,3,0,0,0,0,3,0,2,0,1,0,3,3,3,0,2,1.0,8.0,0.0,0.0,No effect,Mild,Severe,None,None
27.0,Spotify,10.0,1,0,0,Metal,1,1,185.0,2,0,2,0,0,2,1,0,0,1,3,3,1,2,3,1,5.0,6.0,6.0,3.0,Improve,Moderate,Moderate,Moderate,Mild
53.0,Spotify,7.0,1,0,0,Pop,1,1,92.0,3,2,3,1,1,2,2,1,2,1,1,3,3,1,3,1,0.0,0.0,0.0,0.0,Improve,None,None,None,None
25.0,Spotify,1.0,1,0,0,Edm,0,0,107.0,0,0,3,0,0,1,0,1,0,1,0,0,0,0,1,1,0.0,8.0,0.0,0.0,Improve,None,Severe,None,None
34.0,Spotify,2.0,0,0,0,Metal,0,0,120.0,0,0,1,0,0,0,0,0,0,0,3,1,0,0,2,0,3.0,7.0,0.0,0.0,Improve,Mild,Severe,None,None
22.0,Other streaming service,6.0,1,1,1,Jazz,1,1,140.0,2,1,3,3,1,3,3,1,2,2,2,3,3,3,2,2,8.0,8.0,8.0,5.0,Improve,Severe,Severe,Severe,Moderate
17.0,Spotify,2.0,1,1,1,Jazz,1,0,94.0,2,0,0,0,0,1,2,0,0,1,2,3,0,1,3,1,5.0,2.0,3.0,4.0,Improve,Moderate,Mild,Mild,Moderate
26.0,Spotify,3.0,1,1,0,Folk,1,0,160.0,1,1,0,3,1,1,2,0,0,1,1,2,2,1,2,2,8.0,8.0,3.0,0.0,Improve,Severe,Severe,Mild,None
19.0,Spotify,8.0,1,0,0,Edm,1,0,174.0,0,0,3,0,0,2,0,1,0,0,1,2,2,2,2,0,6.0,8.0,8.0,0.0,Improve,Moderate,Severe,Severe,None
21.0,Spotify,3.0,1,0,0,Pop,1,1,136.0,1,3,2,1,0,3,1,0,3,2,1,3,3,3,2,2,6.0,8.0,6.0,0.0,Worsen,Moderate,Severe,Moderate,None
32.0,Spotify,3.0,1,1,1,Rock,1,1,144.0,1,1,2,3,0,2,1,0,2,3,1,2,3,1,3,1,6.0,6.0,7.0,5.0,Improve,Moderate,Moderate,Severe,Moderate
21.0,I do not use a streaming service.,3.0,1,0,0,Rock,0,0,77.0,0,0,0,2,2,2,2,0,1,0,1,1,1,2,3,3,9.0,10.0,3.0,0.0,No effect,Severe,Severe,Mild,None
25.0,Spotify,2.0,0,1,0,Pop,0,0,120.0,1,0,0,1,0,2,0,0,2,0,0,3,2,3,3,1,7.0,7.0,5.0,0.0,Improve,Severe,Severe,Moderate,None
26.0,Spotify,1.0,0,0,0,Rock,0,0,120.0,1,0,1,1,0,1,1,0,0,1,2,2,1,2,3,0,10.0,7.0,2.0,8.0,No effect,Severe,Severe,Mild,Severe
21.0,Spotify,2.0,1,1,0,Metal,1,1,120.0,1,0,0,2,0,1,0,0,0,1,3,1,0,1,3,2,1.0,3.0,0.0,6.0,No effect,Mild,Mild,None,Moderate
17.0,Spotify,2.0,1,1,0,Pop,0,1,120.0,1,0,0,0,0,1,3,3,0,3,0,3,3,2,0,2,5.0,3.0,2.0,1.0,Improve,Moderate,Mild,Mild,Mild
28.0,I do not use a streaming service.,4.0,1,0,0,Rock,1,1,194.0,1,2,1,1,0,2,2,1,0,0,2,2,1,1,3,2,6.0,8.0,1.0,6.0,Improve,Moderate,Severe,Mild,Moderate
41.0,Youtube music,4.0,1,0,0,Pop,1,0,60.0,1,0,2,3,0,3,2,1,1,2,1,3,3,2,3,1,7.0,2.0,0.0,7.0,Improve,Severe,Mild,None,Severe
18.0,Spotify,1.0,1,1,0,Metal,1,1,190.0,1,0,1,0,0,2,0,0,0,0,3,1,0,2,3,2,6.0,9.0,9.0,0.0,Improve,Moderate,Severe,Severe,None
22.0,Spotify,2.0,0,0,0,R&b,0,1,87.0,2,0,0,0,0,1,0,3,3,2,0,2,3,1,1,2,1.0,1.0,4.0,1.0,No effect,Mild,Mild,Moderate,Mild
18.0,Other streaming service,2.0,1,0,0,K pop,0,1,122.0,1,0,0,0,0,0,0,3,0,1,0,3,2,0,0,0,0.0,2.0,0.0,0.0,Improve,None,Mild,None,None
49.0,Other streaming service,1.0,1,0,0,Edm,1,0,156.0,2,0,3,2,0,2,1,1,1,2,2,2,1,1,3,2,8.0,8.0,2.0,0.0,Improve,Severe,Severe,Mild,None
21.0,Spotify,3.0,1,1,1,Metal,1,0,150.0,2,1,1,2,0,1,1,1,0,2,3,3,1,2,3,2,3.0,3.0,7.0,0.0,No effect,Mild,Mild,Severe,None
27.0,Spotify,10.0,1,0,0,Metal,1,1,194.0,0,1,2,2,0,2,1,1,1,2,3,3,2,2,3,2,8.0,8.0,3.0,0.0,Improve,Severe,Severe,Mild,None
19.0,Spotify,1.0,0,0,1,Metal,1,1,160.0,0,0,0,0,0,1,0,0,0,2,3,2,1,1,3,0,6.0,4.0,0.0,3.0,No effect,Moderate,Moderate,None,Mild
27.0,Spotify,3.0,1,0,0,Metal,1,1,171.0,2,0,0,1,0,2,1,0,0,1,3,0,1,2,2,1,1.0,0.0,0.0,0.0,Improve,Mild,None,None,None
27.0,Spotify,1.5,1,0,0,Rock,0,0,95.0,0,0,0,1,0,2,0,1,0,1,3,2,0,2,3,2,5.0,5.0,4.0,4.0,Improve,Moderate,Moderate,Moderate,Moderate
19.0,Spotify,3.0,1,1,0,K pop,1,1,114.0,2,0,0,3,1,1,1,3,0,2,0,2,2,1,2,2,8.0,9.0,6.0,0.0,Improve,Severe,Severe,Moderate,None
42.0,Youtube music,2.5,1,1,0,Rock,0,1,148.0,2,1,3,1,0,2,3,0,1,1,2,1,1,1,2,1,8.0,8.0,7.0,6.0,Improve,Severe,Severe,Severe,Moderate
60.0,Pandora,2.0,1,0,0,Gospel,0,0,119.0,1,2,0,1,3,0,0,0,1,0,0,2,1,0,2,0,3.0,0.0,2.0,0.0,Improve,Mild,None,Mild,None
19.0,Youtube music,5.0,1,0,0,Metal,0,1,136.0,2,1,1,2,2,2,1,0,0,3,3,0,0,2,3,2,0.0,5.0,1.0,0.0,No effect,None,Moderate,Mild,None
20.0,Apple music,2.0,1,0,0,Pop,1,0,141.0,1,0,0,1,0,2,1,0,0,2,0,3,2,1,2,1,6.0,3.0,0.0,0.0,Improve,Moderate,Mild,None,None
28.0,Spotify,2.0,0,0,1,Metal,0,0,146.0,1,0,0,1,0,1,0,0,0,0,3,1,0,0,2,1,1.0,7.0,5.0,1.0,Improve,Mild,Severe,Moderate,Mild
16.0,I do not use a streaming service.,2.0,0,1,1,Video game music,1,0,120.0,2,1,0,0,1,2,2,1,0,2,0,2,2,1,1,2,4.0,2.0,1.0,1.0,No effect,Moderate,Mild,Mild,Mild
18.0,Spotify,2.0,1,0,0,R&b,0,1,164.0,2,0,0,0,0,1,0,0,0,1,0,3,3,1,0,0,5.0,6.0,0.0,1.0,No effect,Moderate,Moderate,None,Mild
34.0,Spotify,1.0,1,0,0,Rock,1,1,120.0,1,0,3,0,0,0,0,3,0,1,3,1,0,0,3,3,1.0,0.0,0.0,0.0,No effect,Mild,None,None,None
18.0,Youtube music,1.5,1,0,0,Pop,1,0,120.0,0,1,1,0,0,1,3,2,1,3,0,3,2,1,1,3,8.0,6.0,5.0,2.0,Improve,Severe,Moderate,Moderate,Mild
21.0,Spotify,5.0,1,1,1,Folk,1,1,128.0,2,1,0,3,1,1,2,0,1,2,1,3,2,1,3,1,9.0,4.0,0.0,3.0,Improve,Severe,Moderate,None,Mild
38.0,Spotify,0.5,0,0,0,Rock,1,1,120.0,0,0,1,2,1,2,1,0,2,0,0,3,2,1,3,0,4.0,6.0,6.0,4.0,Improve,Moderate,Moderate,Moderate,Moderate
17.0,Spotify,2.0,1,0,0,Rock,0,1,120.0,0,1,1,1,0,0,0,1,0,2,1,2,0,1,3,3,7.0,3.0,1.0,5.0,Improve,Severe,Mild,Mild,Moderate
35.0,Other streaming service,0.5,0,0,0,Pop,0,0,120.0,2,0,0,2,0,0,0,0,0,1,0,3,1,0,2,1,10.0,3.0,1.0,0.0,No effect,Severe,Mild,Mild,None
21.0,I do not use a streaming service.,2.0,1,0,0,Rock,0,1,101.0,1,2,1,2,0,3,1,0,3,3,3,3,3,3,3,1,8.0,8.0,3.0,0.0,Improve,Severe,Severe,Mild,None
25.0,Apple music,2.5,1,0,0,R&b,0,0,120.0,1,0,0,1,1,2,1,0,3,3,1,2,3,2,2,2,7.0,6.0,5.0,4.0,Improve,Severe,Moderate,Moderate,Moderate
18.0,Spotify,2.0,1,1,0,K pop,1,1,98.0,3,0,0,1,1,2,2,3,1,3,0,2,3,2,0,1,7.0,2.0,3.0,5.0,Improve,Severe,Mild,Mild,Moderate
16.0,Apple music,2.0,0,0,0,Pop,1,0,145.0,0,2,1,2,1,1,0,1,0,2,0,3,1,1,3,1,10.0,3.5,5.0,10.0,Improve,Severe,Unknown,Moderate,Severe
19.0,Spotify,1.0,1,0,0,Pop,1,1,94.0,1,2,1,1,0,2,1,0,0,1,1,3,2,2,3,0,7.0,5.0,1.0,2.0,Improve,Severe,Moderate,Mild,Mild
31.0,Spotify,4.0,1,1,0,Classical,0,1,103.0,3,0,1,0,1,2,1,0,2,0,2,1,0,2,2,0,6.0,8.0,9.0,5.0,Improve,Moderate,Severe,Severe,Moderate
26.0,Spotify,5.0,1,0,0,Rock,0,0,120.0,0,0,2,0,0,0,0,0,0,0,0,3,0,0,3,0,2.0,9.0,2.0,1.0,No effect,Mild,Severe,Mild,Mild
16.0,Spotify,2.0,1,1,1,Rock,0,0,112.0,1,0,3,1,0,0,0,0,0,1,1,2,1,0,3,3,7.0,4.0,10.0,2.0,Improve,Severe,Moderate,Severe,Mild
26.0,Spotify,2.0,1,1,0,Rock,1,1,120.0,3,1,1,3,0,1,0,0,0,2,2,1,0,1,3,3,7.0,5.0,6.0,0.0,Improve,Severe,Moderate,Moderate,None
17.0,Spotify,2.0,1,0,0,R&b,1,1,118.0,1,1,0,0,2,2,1,3,0,1,0,2,3,2,0,1,6.0,1.0,0.0,0.0,Improve,Moderate,Mild,None,None
22.0,Spotify,1.0,1,1,0,Video game music,1,1,120.0,2,2,1,3,0,0,0,1,1,0,3,1,0,0,3,3,3.0,6.0,1.0,1.0,Improve,Mild,Moderate,Mild,Mild
20.0,Apple music,4.0,1,0,0,R&b,1,1,113.0,2,1,0,1,0,2,2,1,0,1,0,2,3,3,3,1,9.0,10.0,3.0,0.0,Improve,Severe,Severe,Mild,None
30.0,Spotify,1.0,0,1,0,Rock,1,0,162.0,2,2,1,2,0,1,0,0,0,0,2,2,0,1,3,0,8.0,5.0,8.0,9.0,Improve,Severe,Moderate,Severe,Severe
26.0,Other streaming service,4.0,1,0,0,Pop,0,0,120.0,1,3,1,0,0,1,1,0,2,0,1,3,1,0,2,0,8.0,7.0,7.0,3.0,Improve,Severe,Severe,Severe,Mild
19.0,Spotify,5.0,1,0,0,Rock,1,1,111.0,2,1,0,2,1,1,2,1,1,1,3,2,1,1,3,2,9.0,9.0,9.0,3.0,No effect,Severe,Severe,Severe,Mild
33.0,Spotify,7.0,1,0,0,Rock,1,1,134.0,1,2,2,2,1,3,1,1,2,2,2,3,3,3,3,2,9.0,3.0,7.0,8.0,Improve,Severe,Mild,Severe,Severe
28.0,Youtube music,2.0,1,0,0,Rock,1,0,172.0,0,1,1,1,0,2,0,1,0,2,1,2,3,1,3,1,10.0,8.0,6.0,2.0,Improve,Severe,Severe,Moderate,Mild
25.0,Spotify,3.0,1,0,0,Rock,1,1,180.0,1,0,2,2,0,1,0,1,0,2,3,2,1,1,3,2,9.0,6.0,3.0,0.0,Improve,Severe,Moderate,Mild,None
22.0,Youtube music,2.0,1,0,0,Pop,0,0,120.0,1,0,1,1,1,1,1,0,0,1,0,3,1,1,2,2,7.0,7.0,8.0,3.0,Improve,Severe,Severe,Severe,Mild
19.0,Spotify,3.0,1,0,1,Rock,1,1,76.0,2,0,2,2,0,0,0,0,0,1,1,1,1,0,3,1,9.0,10.0,4.0,0.0,Improve,Severe,Severe,Moderate,None
44.0,Other streaming service,3.0,1,0,0,Folk,1,1,130.0,1,1,1,3,1,2,1,0,1,2,0,1,2,2,1,2,9.0,9.0,8.0,2.0,Improve,Severe,Severe,Severe,Mild
22.0,Spotify,3.0,1,0,0,Rock,0,0,120.0,0,1,0,3,0,1,0,0,0,0,3,1,0,0,3,1,9.0,10.0,3.0,9.0,Improve,Severe,Severe,Mild,Severe
26.0,Spotify,5.0,1,1,1,Metal,1,1,109.0,2,1,3,1,1,1,2,2,0,1,3,2,2,1,2,2,10.0,9.0,8.0,8.0,Improve,Severe,Severe,Severe,Severe
23.0,I do not use a streaming service.,6.0,1,0,1,Classical,0,1,96.0,3,0,0,1,0,0,0,0,1,0,0,1,0,0,0,1,6.0,5.0,6.0,8.0,Improve,Moderate,Moderate,Moderate,Severe
17.0,Spotify,2.0,0,0,0,R&b,0,1,148.0,2,0,1,0,0,3,1,1,0,1,0,2,3,2,0,1,8.0,6.0,10.0,3.0,Improve,Severe,Moderate,Severe,Mild
42.0,Youtube music,2.0,0,0,0,Metal,1,0,120.0,2,1,2,1,0,2,0,0,0,0,3,2,2,2,3,1,8.0,3.0,6.0,4.0,Improve,Severe,Mild,Moderate,Moderate
30.0,Spotify,1.0,0,1,0,Rock,1,0,129.0,1,0,1,1,0,1,1,0,1,1,1,3,1,1,3,1,4.0,2.0,1.0,3.0,Improve,Moderate,Mild,Mild,Mild
35.0,Spotify,1.0,1,0,0,Pop,1,1,81.0,2,1,2,1,0,2,1,1,0,0,0,3,1,1,2,1,2.0,1.0,1.0,1.0,No effect,Mild,Mild,Mild,Mild
20.0,Spotify,3.0,0,0,0,Rock,1,0,136.0,0,3,0,0,0,0,0,0,0,0,3,3,0,2,3,1,10.0,10.0,7.0,3.0,Improve,Severe,Severe,Severe,Mild
18.0,Spotify,3.0,1,0,0,Rap,1,1,155.0,1,0,0,2,0,3,2,0,2,2,0,3,1,3,3,3,8.0,9.0,0.0,0.0,Improve,Severe,Severe,None,None
21.0,Spotify,1.0,0,0,0,Pop,0,1,120.0,0,0,2,0,0,1,0,2,2,1,0,3,2,1,2,1,4.0,9.0,6.0,2.0,No effect,Moderate,Severe,Moderate,Mild
19.0,Spotify,6.0,1,0,0,Rock,1,1,52.0,0,0,1,3,0,1,1,0,3,1,2,3,1,2,3,1,4.0,2.0,0.0,0.0,Improve,Moderate,Mild,None,None
37.0,Spotify,4.0,1,0,0,Rock,1,0,97.0,1,2,2,2,0,3,1,0,0,2,2,2,3,3,3,0,9.0,2.0,7.0,7.0,Improve,Severe,Mild,Severe,Severe
31.0,Spotify,2.0,1,0,0,Metal,1,1,92.0,2,1,1,2,0,2,1,1,2,3,3,2,2,2,3,3,8.0,6.0,7.0,5.0,Improve,Severe,Moderate,Severe,Moderate
29.0,Spotify,2.0,1,1,0,Folk,1,1,100.0,0,2,1,3,2,1,1,1,1,1,2,1,3,1,3,1,6.0,5.0,4.0,2.0,Improve,Moderate,Moderate,Moderate,Mild
20.0,Spotify,3.0,1,0,0,Rock,1,1,120.0,2,1,1,3,0,1,2,0,0,2,2,3,1,1,3,2,8.0,5.0,2.0,3.0,Improve,Severe,Moderate,Mild,Mild
36.0,I do not use a streaming service.,8.0,1,1,1,Video game music,0,1,143.0,2,1,2,1,0,1,1,0,0,0,3,1,0,1,2,3,7.0,6.0,6.0,1.0,No effect,Severe,Moderate,Moderate,Mild
18.0,Spotify,3.0,1,1,0,Rock,1,0,118.0,2,0,0,1,0,0,2,0,0,1,1,2,0,0,3,1,10.0,2.0,0.0,0.0,Improve,Severe,Mild,None,None
18.0,Spotify,2.0,1,0,0,K pop,1,1,130.0,1,0,2,0,0,0,0,3,0,0,1,2,0,0,1,0,6.0,0.0,0.0,0.0,Improve,Moderate,None,None,None
25.0,Spotify,7.0,1,0,0,Pop,0,1,120.0,0,2,3,1,1,2,0,3,1,1,1,3,2,2,1,2,2.0,0.0,1.0,0.0,Improve,Mild,None,Mild,None
18.0,Youtube music,12.0,1,0,0,K pop,1,1,126.0,0,0,0,0,0,2,0,3,2,0,1,3,2,2,1,0,3.0,7.0,5.0,2.0,Improve,Mild,Severe,Moderate,Mild
31.0,Youtube music,9.0,1,0,0,Pop,1,1,158.0,1,1,1,2,0,0,1,1,1,3,2,3,0,1,2,2,9.0,0.0,2.0,0.0,Improve,Severe,None,Mild,None
17.0,Spotify,2.0,1,0,0,Pop,1,1,160.0,1,1,1,1,1,2,2,2,0,0,1,3,1,2,2,0,5.0,4.0,1.0,1.0,Improve,Moderate,Moderate,Mild,Mild
21.0,Spotify,1.0,1,0,0,Folk,0,1,120.0,0,1,0,3,0,1,2,0,0,1,1,1,0,0,2,3,8.0,4.0,0.0,1.0,Improve,Severe,Moderate,None,Mild
30.0,Other streaming service,1.0,0,0,0,Country,0,0,119.0,0,3,0,0,0,2,0,0,0,0,0,3,1,2,2,1,8.0,10.0,2.0,0.0,Improve,Severe,Severe,Mild,None
40.0,Apple music,2.0,1,0,0,Metal,1,1,120.0,2,0,2,1,0,1,1,0,0,1,3,1,1,1,3,0,3.0,6.0,2.0,1.0,No effect,Mild,Moderate,Mild,Mild
64.0,I do not use a streaming service.,4.0,1,0,0,Rock,0,0,200.0,2,1,2,1,0,1,2,1,1,0,1,2,1,1,2,1,4.0,4.0,2.0,1.0,Improve,Moderate,Moderate,Mild,Mild
14.0,Spotify,2.0,1,1,0,Rock,1,1,136.0,1,0,0,2,0,2,1,0,0,0,2,3,1,2,3,1,7.0,5.0,2.0,6.0,Improve,Severe,Moderate,Mild,Moderate
26.0,Youtube music,6.0,1,0,0,Rock,1,0,104.0,2,0,0,1,0,1,2,0,0,0,1,2,0,1,3,0,3.0,2.0,0.0,0.0,No effect,Mild,Mild,None,None
35.0,Spotify,4.0,1,1,1,Country,1,1,90.0,1,3,1,2,1,3,2,1,2,2,2,2,1,2,3,0,9.0,9.0,5.0,1.0,Improve,Severe,Severe,Moderate,Mild
33.0,Other streaming service,1.0,0,0,0,Rock,0,0,120.0,0,0,0,0,0,2,0,0,1,0,0,2,1,1,3,0,3.0,10.0,4.0,1.0,No effect,Mild,Severe,Moderate,Mild
30.0,Spotify,6.0,1,0,0,Folk,1,1,89.0,2,1,0,3,1,0,1,0,0,2,2,1,0,0,3,0,9.0,0.0,5.0,0.0,No effect,Severe,None,Moderate,None
31.0,Spotify,2.0,0,1,0,Metal,1,1,95.0,2,2,2,1,0,1,0,0,0,1,3,3,1,2,3,2,7.0,6.0,6.0,5.0,Improve,Severe,Moderate,Moderate,Moderate
27.0,Spotify,5.0,1,0,1,Folk,1,1,140.0,1,0,2,3,2,1,1,2,2,3,2,3,2,0,3,3,0.0,9.0,4.0,0.0,Improve,None,Severe,Moderate,None
53.0,I do not use a streaming service.,1.5,0,0,0,Pop,1,1,92.0,1,0,3,2,0,2,0,1,2,0,0,3,1,2,2,0,2.0,2.0,2.0,1.0,No effect,Mild,Mild,Mild,Mild
23.0,Spotify,5.0,1,1,1,Metal,1,1,120.0,2,1,0,1,0,0,1,0,0,0,3,1,0,0,3,0,6.0,9.0,2.0,1.0,Improve,Moderate,Severe,Mild,Mild
25.0,Spotify,2.0,1,0,1,Edm,1,0,128.0,1,1,3,1,0,2,2,2,0,1,3,3,1,2,3,1,6.0,4.0,1.0,0.0,Improve,Moderate,Moderate,Mild,None
16.0,Apple music,4.0,1,1,0,K pop,1,1,140.0,3,1,1,2,1,3,2,3,2,3,3,3,2,1,2,1,8.0,9.0,4.0,0.0,Improve,Severe,Severe,Moderate,None
18.0,Spotify,2.0,1,1,1,Rock,1,0,120.0,0,0,1,1,0,1,0,0,0,1,0,1,0,1,3,0,6.0,7.0,4.0,3.0,Improve,Moderate,Severe,Moderate,Mild
29.0,Spotify,5.0,1,1,1,Classical,1,1,120.0,3,0,0,1,0,0,1,0,0,0,1,2,1,0,2,0,7.0,2.0,2.0,0.0,Improve,Severe,Mild,Mild,None
31.0,Youtube music,6.0,1,0,0,Edm,1,1,136.0,1,1,3,1,0,2,0,0,0,1,1,2,2,2,2,2,8.0,6.0,5.0,6.0,No effect,Severe,Moderate,Moderate,Moderate
31.0,Spotify,1.0,0,0,0,Rock,0,1,132.0,2,1,0,0,0,1,0,0,2,0,2,1,1,1,3,2,3.0,10.0,0.0,0.0,Worsen,Mild,Severe,None,None
38.0,Spotify,6.0,1,1,0,Pop,1,1,107.0,3,2,2,2,2,3,3,1,2,2,1,3,3,3,2,0,9.0,4.0,9.0,7.0,Improve,Severe,Moderate,Severe,Severe
17.0,Spotify,4.0,0,1,0,Classical,1,1,135.0,3,0,0,0,0,3,3,1,3,2,2,1,2,1,0,1,7.0,9.0,2.0,8.0,Worsen,Severe,Severe,Mild,Severe
25.0,Apple music,2.0,0,0,0,Edm,0,1,171.0,0,2,3,1,0,0,0,0,0,0,1,2,0,0,3,1,10.0,3.0,1.0,4.0,Improve,Severe,Mild,Mild,Moderate
20.0,Spotify,2.0,0,1,1,Metal,0,1,220.0,1,0,0,0,0,0,1,0,0,0,3,0,0,1,2,1,0.0,0.0,0.0,1.0,No effect,None,None,None,Mild
15.0,Spotify,2.0,1,0,0,Edm,0,0,171.0,0,0,3,0,0,2,0,0,0,0,0,1,1,2,0,1,9.0,6.0,1.0,7.0,No effect,Severe,Moderate,Mild,Severe
16.0,Spotify,4.0,1,0,1,Lofi,1,0,85.0,1,1,3,1,0,1,1,0,0,3,1,2,0,1,1,3,7.0,1.0,3.0,5.0,Improve,Severe,Mild,Mild,Moderate
20.0,Spotify,2.0,1,1,0,Edm,0,1,174.0,2,0,3,0,0,2,0,2,0,0,0,2,0,0,2,2,9.0,7.0,5.0,7.0,Improve,Severe,Severe,Moderate,Severe
23.0,Other streaming service,6.0,1,0,0,Rap,1,1,87.0,0,0,2,2,0,1,0,2,2,0,0,3,3,2,1,0,3.0,1.0,2.0,7.0,Improve,Mild,Mild,Mild,Severe
22.0,Spotify,3.0,1,0,0,Hip hop,1,1,77.0,1,0,2,1,0,3,1,0,2,1,2,3,2,3,2,1,6.0,6.0,8.0,0.0,Improve,Moderate,Moderate,Severe,None
15.0,I do not use a streaming service.,5.0,1,0,0,Rock,1,1,126.0,1,0,3,1,0,0,0,0,0,2,1,3,0,0,3,2,10.0,6.0,0.0,4.0,Improve,Severe,Moderate,None,Moderate
17.0,I do not use a streaming service.,0.5,1,1,0,Video game music,0,1,136.0,1,2,2,0,0,0,1,0,0,0,1,2,1,1,2,3,6.0,3.0,1.0,1.0,Improve,Moderate,Mild,Mild,Mild
22.0,Youtube music,1.0,1,0,0,Video game music,1,1,80.0,1,0,1,2,0,1,0,0,0,2,0,1,0,0,1,3,3.0,3.0,0.0,7.0,No effect,Mild,Mild,None,Severe
21.0,Spotify,10.0,1,0,0,Metal,1,1,92.0,0,1,1,0,0,3,0,1,0,0,3,2,2,3,3,2,9.0,10.0,2.0,2.0,No effect,Severe,Severe,Mild,Mild
19.0,Spotify,2.0,1,0,0,Pop,0,1,120.0,1,0,2,1,0,1,2,2,2,2,0,3,3,2,3,3,7.0,5.0,0.0,2.0,No effect,Severe,Moderate,None,Mild
32.0,Apple music,0.5,0,0,0,Classical,1,0,120.0,3,0,2,1,0,0,1,0,0,0,2,1,0,0,3,1,3.0,0.0,4.0,4.0,No effect,Mild,None,Moderate,Moderate
34.0,Youtube music,1.0,0,0,0,Rock,0,1,138.0,1,0,0,2,0,1,0,0,1,0,0,1,0,2,3,0,9.0,9.0,6.0,4.0,Improve,Severe,Severe,Moderate,Moderate
18.0,I do not use a streaming service.,2.0,1,1,0,Metal,1,1,150.0,2,0,1,0,0,0,0,0,0,0,3,1,0,1,3,2,5.0,7.0,7.0,2.0,Improve,Moderate,Severe,Severe,Mild
21.0,Spotify,3.0,1,0,0,Country,1,0,108.0,1,3,0,2,1,1,0,0,0,0,1,2,0,0,3,2,0.0,8.0,0.0,5.0,Improve,None,Severe,None,Moderate
20.0,Spotify,3.0,0,0,0,Country,1,1,119.0,1,3,1,2,0,2,1,2,0,0,0,3,3,1,2,0,8.0,4.0,3.0,4.0,Improve,Severe,Moderate,Mild,Moderate
19.0,Spotify,2.0,1,0,0,Country,1,0,125.0,1,3,1,2,1,0,0,0,1,1,2,1,0,0,2,0,7.0,2.0,0.0,7.0,No effect,Severe,Mild,None,Severe
25.0,I do not use a streaming service.,1.0,0,0,0,Pop,0,1,120.0,1,0,0,1,0,1,1,0,0,1,1,3,1,1,3,3,9.0,9.0,6.0,9.0,No effect,Severe,Severe,Moderate,Severe
31.0,Spotify,8.0,1,1,0,Classical,1,1,120.0,3,0,1,1,0,0,2,0,0,0,0,0,0,0,1,1,5.0,7.0,5.0,4.0,Improve,Moderate,Severe,Moderate,Moderate
21.0,Spotify,1.0,1,1,0,Pop,1,1,85.0,3,1,1,2,0,1,0,2,0,1,3,3,2,3,2,3,5.0,1.0,0.0,0.0,Improve,Moderate,Mild,None,None
31.0,Youtube music,1.0,0,0,1,Folk,1,1,113.0,3,0,0,2,0,1,0,0,1,0,0,0,0,0,2,0,4.0,1.0,3.0,0.0,Improve,Moderate,Mild,Mild,None
20.0,Youtube music,1.0,0,0,0,Pop,1,0,86.0,1,0,0,1,0,0,0,0,0,1,1,3,0,0,2,0,3.0,5.0,3.0,0.0,Improve,Mild,Moderate,Mild,None
19.0,Spotify,5.0,1,1,0,Rock,1,0,141.0,2,1,0,0,0,1,2,0,0,0,3,2,2,1,3,0,2.0,2.0,0.0,6.0,Improve,Mild,Mild,None,Moderate
19.0,Other streaming service,5.0,1,0,0,Edm,1,1,97.0,1,0,3,2,0,2,1,0,2,3,3,1,0,3,2,1,0.0,1.0,3.0,5.0,Improve,None,Mild,Mild,Moderate
23.0,Spotify,4.0,1,0,0,Metal,1,1,120.0,1,2,2,0,0,2,0,1,0,2,3,3,3,3,3,1,7.0,8.0,6.0,2.0,Improve,Severe,Severe,Moderate,Mild
24.0,I do not use a streaming service.,8.0,1,0,1,Video game music,1,0,120.0,2,1,3,1,1,3,3,1,1,3,3,1,1,2,3,3,6.0,4.0,8.0,8.0,Improve,Moderate,Moderate,Severe,Severe
20.0,Other streaming service,0.7,0,0,0,Rock,0,0,144.0,1,0,0,0,0,0,0,0,0,2,1,3,1,0,3,1,5.0,6.0,8.0,2.0,Improve,Moderate,Moderate,Severe,Mild
15.0,Spotify,3.0,0,0,0,Video game music,0,0,84.0,1,1,2,1,1,2,1,0,0,3,1,3,0,0,3,3,6.0,6.0,2.0,6.0,No effect,Moderate,Moderate,Mild,Moderate
17.0,Spotify,7.0,1,0,0,Hip hop,0,1,84.0,0,0,1,0,1,3,0,0,0,1,1,1,1,3,1,1,8.0,9.0,3.0,4.0,Improve,Severe,Severe,Mild,Moderate
20.0,I do not use a streaming service.,1.5,0,1,1,Video game music,0,1,60.0,3,0,0,1,1,0,0,0,2,0,0,0,0,0,0,3,8.0,4.0,3.0,3.0,Worsen,Severe,Moderate,Mild,Mild
14.0,Spotify,4.0,1,1,1,Video game music,1,1,81.0,2,0,2,1,0,1,2,2,0,3,0,2,1,1,0,3,8.0,6.0,5.0,7.0,Improve,Severe,Moderate,Moderate,Severe
24.0,Spotify,4.0,1,0,0,Metal,1,1,150.0,2,1,0,1,1,1,0,0,0,0,3,2,1,1,3,0,8.0,8.0,7.0,7.0,Improve,Severe,Severe,Severe,Severe
14.0,Other streaming service,10.0,1,0,1,Video game music,0,0,95.0,1,0,2,0,0,2,1,0,0,3,2,0,0,2,1,3,5.0,2.0,5.0,0.0,Improve,Moderate,Mild,Moderate,None
23.0,Spotify,2.0,1,1,1,Rock,1,0,138.0,3,0,1,1,0,2,2,0,1,1,1,2,2,2,3,2,6.0,8.0,4.0,2.0,No effect,Moderate,Severe,Moderate,Mild
28.0,Apple music,2.0,1,0,0,Rock,0,0,120.0,1,0,0,1,0,0,2,1,0,2,1,2,1,0,3,1,7.0,5.0,2.0,1.0,No effect,Severe,Moderate,Mild,Mild
22.0,Spotify,6.0,1,0,0,Jazz,1,1,140.0,2,1,3,1,1,1,3,2,0,2,2,2,2,1,3,2,8.0,8.0,7.0,1.0,Improve,Severe,Severe,Severe,Mild
25.0,Spotify,0.5,1,1,0,Rock,1,1,139.0,1,0,3,0,0,1,0,1,0,0,1,2,1,1,3,2,10.0,2.0,0.0,0.0,Improve,Severe,Mild,None,None
27.0,Spotify,2.0,1,1,1,Pop,1,1,100.0,2,1,3,0,0,2,3,3,2,2,2,3,3,1,2,2,8.0,7.0,7.0,5.0,Improve,Severe,Severe,Severe,Moderate
18.0,Spotify,5.0,1,0,0,Rock,1,1,120.0,1,0,1,1,0,1,0,1,0,1,2,3,1,2,3,3,8.0,8.0,8.0,6.0,Improve,Severe,Severe,Severe,Moderate
17.0,Apple music,3.0,1,1,1,Pop,1,0,120.0,1,1,0,2,0,2,3,0,1,0,2,3,3,3,3,0,8.0,10.0,9.0,2.0,Improve,Severe,Severe,Severe,Mild
23.0,Other streaming service,4.5,1,0,0,Rock,0,1,120.0,2,1,0,2,1,2,1,1,0,1,2,2,1,2,3,2,6.0,1.0,8.0,4.0,No effect,Moderate,Mild,Severe,Moderate
40.0,Other streaming service,3.0,1,0,0,Rock,1,1,178.0,2,0,0,0,0,0,1,0,0,1,2,2,1,0,2,0,0.0,4.0,4.0,0.0,Improve,None,Moderate,Moderate,None
27.0,Spotify,20.0,1,0,0,Rock,1,1,120.0,2,1,2,1,0,1,0,2,1,2,3,1,0,1,3,2,8.0,10.0,10.0,8.0,No effect,Severe,Severe,Severe,Severe
18.0,Spotify,1.0,0,0,0,Pop,1,0,100.0,1,1,0,1,1,2,0,0,0,0,0,3,1,2,2,1,3.0,2.0,0.0,1.0,No effect,Mild,Mild,None,Mild
16.0,Spotify,2.5,0,1,1,Metal,1,0,110.0,0,0,0,0,0,0,1,0,0,1,3,0,0,1,3,2,5.0,3.0,3.0,1.0,Improve,Moderate,Mild,Mild,Mild
18.0,Spotify,1.0,0,0,0,Rock,1,1,108.0,2,1,0,2,0,2,0,0,0,0,2,2,1,1,3,1,8.0,9.0,6.0,1.0,Improve,Severe,Severe,Moderate,Mild
23.0,Spotify,2.0,0,1,0,Jazz,0,1,120.0,1,1,1,1,1,1,1,1,1,1,1,1,1,1,1,1,10.0,3.0,0.0,10.0,No effect,Severe,Mild,None,Severe
15.0,I do not use a streaming service.,5.0,1,1,0,Metal,1,0,161.0,0,0,1,0,0,0,0,0,0,0,3,1,0,1,2,0,6.0,7.0,8.0,2.0,Improve,Moderate,Severe,Severe,Mild
20.0,Apple music,3.0,1,1,0,Metal,1,0,200.0,2,1,0,0,0,1,2,0,0,1,3,1,0,1,3,2,7.0,4.0,7.0,0.0,Improve,Severe,Moderate,Severe,None
16.0,Spotify,3.0,1,1,0,Rock,1,0,120.0,0,1,0,1,0,0,0,0,2,0,1,1,1,1,3,1,9.0,8.0,6.0,2.0,Improve,Severe,Severe,Moderate,Mild
16.0,Spotify,0.5,0,0,0,Rock,0,1,156.0,2,0,1,0,0,1,1,0,0,0,0,2,0,0,3,2,8.0,0.0,0.0,0.0,Improve,Severe,None,None,None
20.0,Apple music,8.0,1,1,1,Country,1,0,120.0,0,3,0,2,0,1,0,0,0,0,0,1,1,1,2,0,8.0,9.0,2.0,5.0,No effect,Severe,Severe,Mild,Moderate
33.0,Spotify,2.0,1,0,0,Metal,1,1,120.0,1,1,0,1,0,2,0,0,0,0,3,0,0,2,2,2,7.0,2.0,3.0,0.0,Improve,Severe,Mild,Mild,None
22.0,Spotify,3.0,1,1,1,Rock,1,1,90.0,0,3,1,2,0,1,2,0,3,0,1,2,3,2,3,0,10.0,10.0,4.0,0.0,Improve,Severe,Severe,Moderate,None
21.0,Spotify,3.0,1,0,0,Hip hop,1,1,85.0,0,0,1,0,0,3,1,0,0,2,0,3,3,3,3,0,8.0,8.0,3.0,3.0,Improve,Severe,Severe,Mild,Mild
21.0,Apple music,5.0,1,1,0,Metal,1,1,171.0,1,0,2,0,0,3,2,0,0,2,3,1,2,3,2,2,8.0,7.0,7.0,4.0,Improve,Severe,Severe,Severe,Moderate
29.0,Apple music,1.5,1,0,1,Rock,1,1,108.0,1,0,2,0,0,1,1,0,0,0,1,3,3,3,3,0,8.0,7.0,1.0,2.0,Improve,Severe,Severe,Mild,Mild
56.0,I do not use a streaming service.,1.0,1,0,0,Pop,0,0,105.0,0,1,0,1,0,0,0,0,0,0,0,2,2,0,2,0,6.0,5.0,10.0,2.0,No effect,Moderate,Moderate,Severe,Mild
17.0,Spotify,2.0,1,1,0,Pop,1,0,76.0,2,0,0,0,0,1,1,0,0,1,0,3,1,1,0,1,7.0,6.0,0.0,4.0,Improve,Severe,Moderate,None,Moderate
22.0,Spotify,1.0,1,0,0,Pop,0,0,108.0,1,1,2,0,0,0,1,0,0,0,0,3,0,0,1,1,7.0,4.0,0.0,0.0,Improve,Severe,Moderate,None,None
26.0,Spotify,4.0,1,0,0,Pop,1,1,140.0,2,2,1,1,0,2,0,1,0,1,0,3,1,1,3,1,8.0,7.0,2.0,10.0,No effect,Severe,Severe,Mild,Severe
30.0,Spotify,1.0,1,0,0,Edm,1,1,200.0,0,0,3,0,0,2,0,0,0,0,1,0,0,2,0,0,4.0,4.0,4.0,0.0,Improve,Moderate,Moderate,Moderate,None
49.0,Spotify,2.0,1,0,0,Folk,1,0,147.0,1,1,2,3,0,2,1,0,0,2,1,2,2,2,1,1,0.0,0.0,2.0,0.0,No effect,None,None,Mild,None
22.0,Spotify,2.0,1,1,1,Edm,1,1,120.0,1,2,3,2,1,2,2,1,1,2,3,2,2,3,2,3,6.0,4.0,0.0,1.0,Improve,Moderate,Moderate,None,Mild
32.0,Spotify,2.0,0,0,0,Rock,1,0,158.0,0,1,2,1,0,2,0,0,0,2,1,2,2,2,2,0,4.0,7.0,0.0,0.0,Improve,Moderate,Severe,None,None
32.0,I do not use a streaming service.,1.0,0,0,0,Rock,0,0,110.0,1,2,0,2,0,0,0,0,1,0,2,3,1,0,3,0,8.0,4.0,3.0,0.0,No effect,Severe,Moderate,Mild,None
22.0,Youtube music,6.0,1,0,0,Country,1,0,103.0,0,3,0,1,0,2,0,0,1,0,2,0,0,2,3,1,5.0,5.0,3.0,3.0,Improve,Moderate,Moderate,Mild,Mild
17.0,Spotify,2.0,1,0,0,Rock,1,1,93.0,0,1,2,2,1,1,2,1,1,1,3,3,2,2,3,2,0.0,8.0,0.0,0.0,Improve,None,Severe,None,None
21.0,Spotify,4.0,1,1,0,Rock,1,0,62.0,1,0,0,1,0,0,0,0,0,0,1,3,1,0,3,0,7.0,4.0,6.0,1.0,Improve,Severe,Moderate,Moderate,Mild
17.0,Spotify,1.5,1,0,0,Rock,1,1,180.0,3,0,1,1,0,0,0,0,3,1,1,2,2,1,3,1,8.0,7.0,7.0,3.0,No effect,Severe,Severe,Severe,Mild
25.0,Spotify,3.0,1,0,0,Metal,0,0,150.0,2,2,1,1,0,0,0,0,0,0,3,2,2,0,3,2,9.0,8.0,6.0,2.0,Improve,Severe,Severe,Moderate,Mild
15.0,Spotify,4.0,1,0,1,Rock,1,0,105.0,0,0,1,0,0,1,0,2,0,3,2,3,2,1,3,0,8.0,6.0,4.0,0.0,Improve,Severe,Moderate,Moderate,None
13.0,Spotify,10.0,1,0,0,Rap,1,0,140.0,0,0,1,0,0,2,0,0,0,2,0,1,1,3,0,1,7.0,2.0,0.0,8.0,Improve,Severe,Mild,None,Severe
38.0,Spotify,3.0,1,0,0,Rock,0,1,120.0,3,1,0,1,0,0,2,0,1,0,3,2,1,0,3,0,6.0,7.0,7.0,7.0,No effect,Moderate,Severe,Severe,Severe
23.0,Apple music,3.0,0,0,0,Rock,1,0,161.0,1,0,2,2,0,1,0,0,0,1,1,2,0,0,3,2,7.0,6.0,4.0,2.0,Improve,Severe,Moderate,Moderate,Mild
17.0,Spotify,3.0,1,0,0,Pop,1,1,120.0,2,2,2,1,1,3,1,3,0,3,0,3,3,3,3,1,1.0,1.0,1.0,0.0,Improve,Mild,Mild,Mild,None
59.0,Youtube music,2.0,1,0,0,Pop,1,0,103.0,1,0,3,1,0,1,2,1,1,1,0,3,3,1,2,0,1.0,1.0,3.0,0.0,Improve,Mild,Mild,Mild,None
22.0,Spotify,2.0,1,1,1,Pop,1,0,72.0,1,1,0,1,1,2,2,0,1,1,0,3,3,2,2,1,2.0,7.0,1.0,2.0,Improve,Mild,Severe,Mild,Mild
17.0,Apple music,3.0,1,0,0,Pop,1,1,113.0,2,1,0,0,0,3,2,3,1,0,0,3,1,3,2,1,6.0,2.0,3.0,1.0,No effect,Moderate,Mild,Mild,Mild
27.0,Spotify,2.0,0,0,0,Pop,0,0,120.0,0,0,0,0,0,0,0,0,0,0,1,3,0,2,2,1,7.0,7.0,3.0,2.0,No effect,Severe,Severe,Mild,Mild
23.0,Spotify,5.0,1,1,0,Video game music,0,0,95.0,2,0,2,0,0,1,1,1,0,2,1,2,1,2,2,2,8.0,7.0,0.0,3.0,No effect,Severe,Severe,None,Mild
15.0,Spotify,6.0,1,0,0,Rock,0,0,97.0,1,0,2,1,0,2,1,0,0,1,1,2,2,0,3,2,8.0,3.0,5.0,2.0,Improve,Severe,Mild,Moderate,Mild
22.0,Spotify,3.0,1,1,1,Edm,1,0,140.0,1,1,3,2,1,2,1,0,0,1,2,2,2,2,3,3,5.0,4.0,2.0,0.0,Improve,Moderate,Moderate,Mild,None
23.0,Spotify,5.0,1,0,0,Lofi,1,1,120.0,3,1,2,2,1,1,2,1,1,3,1,3,3,1,3,3,7.0,10.0,10.0,1.0,Improve,Severe,Severe,Severe,Mild
19.0,Spotify,5.0,1,0,0,Country,1,1,118.0,1,3,0,3,2,1,2,0,3,1,0,2,2,1,2,0,7.0,6.0,8.0,4.0,Improve,Severe,Moderate,Severe,Moderate
32.0,Spotify,6.0,1,0,0,Rock,0,0,91.0,0,1,2,0,0,1,1,0,0,0,0,2,1,1,3,1,8.0,7.0,0.0,9.0,Improve,Severe,Severe,None,Severe
40.0,Spotify,6.0,1,0,0,Rock,1,1,128.0,2,2,2,2,1,2,2,0,2,2,1,2,2,2,3,1,10.0,7.0,3.0,3.0,No effect,Severe,Severe,Mild,Mild
21.0,Spotify,3.0,1,0,0,Country,1,0,86.0,0,3,1,2,1,2,0,0,0,0,1,2,1,2,2,0,6.0,5.0,5.0,3.0,Improve,Moderate,Moderate,Moderate,Mild
21.0,Spotify,10.0,1,0,0,Rock,1,1,107.0,1,0,3,2,0,1,1,1,1,2,2,3,2,1,3,3,8.0,7.0,6.0,8.0,No effect,Severe,Severe,Moderate,Severe
23.0,Spotify,2.0,1,0,0,Video game music,1,1,180.0,2,0,3,0,0,1,1,2,0,2,0,3,1,2,2,3,10.0,7.0,7.0,3.0,Worsen,Severe,Severe,Severe,Mild
21.0,Youtube music,2.0,1,0,0,Edm,0,1,120.0,1,1,3,1,1,1,0,0,0,2,1,2,1,1,2,3,10.0,10.0,5.0,7.0,Improve,Severe,Severe,Moderate,Severe
35.0,Spotify,3.0,0,1,0,Folk,1,0,0.0,2,2,0,2,0,0,1,0,0,1,0,1,0,0,2,2,8.0,2.0,2.0,8.0,No effect,Severe,Mild,Mild,Severe
18.0,Spotify,1.5,0,0,0,Hip hop,0,0,150.0,0,0,0,0,0,2,2,0,0,2,0,3,0,2,2,0,3.0,7.0,4.0,0.0,Improve,Mild,Severe,Moderate,None
21.0,I do not use a streaming service.,10.0,1,0,0,Pop,1,0,112.0,0,1,0,0,0,1,0,0,0,0,0,2,1,0,2,0,9.0,7.0,5.0,5.0,Improve,Severe,Severe,Moderate,Moderate
22.0,I do not use a streaming service.,2.0,1,0,0,Video game music,0,1,120.0,0,0,1,0,0,2,1,0,1,0,0,3,0,1,2,3,5.0,3.0,0.0,0.0,Improve,Moderate,Mild,None,None
23.0,Spotify,3.0,1,1,1,Rock,1,1,66.0,1,1,0,3,0,2,2,0,0,0,3,3,3,2,3,0,10.0,7.0,0.0,10.0,Improve,Severe,Severe,None,Severe
13.0,Spotify,2.5,1,0,0,Folk,0,0,118.0,0,2,0,3,0,0,0,0,0,0,0,3,0,0,0,0,8.0,0.0,0.0,3.0,Improve,Severe,None,None,Mild
19.0,Spotify,3.0,1,0,0,K pop,1,1,110.0,2,1,1,2,0,1,0,3,0,2,0,3,3,3,3,0,6.0,0.0,3.0,0.0,Improve,Moderate,None,Mild,None
33.0,Youtube music,0.5,1,1,0,Rock,0,0,80.0,2,0,1,0,0,0,1,0,0,1,2,1,0,0,2,1,7.0,9.0,4.0,6.0,Improve,Severe,Severe,Moderate,Moderate
18.0,Spotify,16.0,1,0,1,Jazz,1,1,90.0,2,2,2,2,2,3,3,3,3,3,3,3,3,3,3,1,3.0,2.0,5.0,6.0,Improve,Mild,Mild,Moderate,Moderate
17.0,Youtube music,6.0,1,1,0,Classical,1,1,120.0,3,1,0,0,0,1,2,1,0,2,0,3,0,0,0,1,4.0,2.0,0.0,0.0,Improve,Moderate,Mild,None,None
16.0,Spotify,3.0,1,0,0,Edm,1,1,100.0,1,0,3,0,0,3,2,3,0,1,2,3,1,3,3,3,4.0,2.0,0.0,0.0,Improve,Moderate,Mild,None,None
18.0,Youtube music,0.5,0,0,0,Rock,1,0,66.0,1,0,0,2,0,0,0,0,0,0,0,2,1,0,3,0,5.0,3.0,1.0,0.0,No effect,Moderate,Mild,Mild,None
19.0,Spotify,5.0,1,0,0,K pop,1,1,158.0,1,2,2,0,0,1,1,3,1,0,0,3,3,1,1,1,4.0,2.0,2.0,1.0,Improve,Moderate,Mild,Mild,Mild
15.0,Youtube music,2.0,0,1,0,Rap,1,1,105.0,3,2,0,3,2,3,2,2,0,3,2,1,3,3,2,3,4.0,0.0,6.0,5.0,No effect,Moderate,None,Moderate,Moderate
17.0,Spotify,2.0,1,0,0,Pop,1,1,208.0,0,0,0,0,0,1,0,1,0,0,3,3,0,3,3,3,7.0,6.0,3.0,1.0,Improve,Severe,Moderate,Mild,Mild
25.0,Spotify,2.0,1,0,0,Lofi,1,1,91.0,2,1,2,1,0,3,3,1,2,3,0,2,1,2,3,2,7.0,8.0,6.0,2.0,Improve,Severe,Severe,Moderate,Mild
24.0,Other streaming service,1.5,1,0,0,Video game music,0,1,171.0,2,1,3,1,2,2,2,3,1,3,3,3,2,2,3,3,3.0,4.0,1.0,1.0,Improve,Mild,Moderate,Mild,Mild
23.0,Spotify,1.0,1,1,0,Jazz,1,0,150.0,1,1,3,0,1,0,3,1,1,0,2,1,2,0,3,2,9.0,7.0,2.0,1.0,Improve,Severe,Severe,Mild,Mild
16.0,Spotify,10.0,1,1,0,Edm,1,1,180.0,1,1,3,2,0,1,2,1,0,1,1,3,2,2,2,2,10.0,9.0,3.0,2.0,Improve,Severe,Severe,Mild,Mild
25.0,Youtube music,2.0,1,0,0,Metal,1,1,120.0,1,1,1,1,2,1,2,0,1,1,3,2,1,1,3,2,9.0,9.0,7.0,3.0,Improve,Severe,Severe,Severe,Mild
16.0,Spotify,15.0,1,1,1,Edm,1,0,85.0,1,0,3,0,0,1,1,0,0,1,2,2,0,3,3,2,8.0,10.0,9.0,2.0,Improve,Severe,Severe,Severe,Mild
20.0,I do not use a streaming service.,0.5,0,0,0,Metal,1,1,150.0,2,1,2,0,0,2,2,0,0,2,2,1,1,1,2,2,8.0,9.0,6.0,4.0,Improve,Severe,Severe,Moderate,Moderate
17.0,Spotify,3.0,1,0,0,Metal,1,0,104.0,0,1,1,0,2,2,0,0,0,0,3,0,1,2,3,0,5.0,6.0,9.0,9.0,Improve,Moderate,Moderate,Severe,Severe
29.0,I do not use a streaming service.,2.0,1,0,0,Metal,1,0,120.0,0,0,0,0,0,0,0,0,0,0,3,2,0,0,3,0,9.0,3.0,7.0,2.0,Improve,Severe,Mild,Severe,Mild
20.0,Spotify,4.0,1,0,0,Hip hop,1,0,85.0,0,1,3,1,0,3,0,0,0,0,0,2,2,3,2,0,3.0,2.0,1.0,6.0,Improve,Mild,Mild,Mild,Moderate
16.0,Spotify,2.0,1,0,0,Folk,1,0,120.0,0,0,0,3,0,1,0,0,0,0,2,3,0,1,2,0,7.0,7.0,4.0,0.0,Improve,Severe,Severe,Moderate,None
21.0,Spotify,1.0,1,0,0,Rock,1,0,147.0,1,2,2,2,0,2,1,1,1,1,1,3,0,2,3,3,7.0,9.0,1.0,2.0,Improve,Severe,Severe,Mild,Mild
16.0,Spotify,24.0,1,0,0,Rock,1,1,120.0,0,0,1,0,0,0,0,1,1,1,1,1,1,1,2,1,5.0,1.0,9.0,1.0,Improve,Moderate,Mild,Severe,Mild
43.0,Spotify,1.0,1,0,0,Pop,1,0,134.0,2,0,0,2,1,2,1,0,0,1,0,3,1,1,2,0,3.0,3.0,0.0,0.0,Improve,Mild,Mild,None,None
32.0,Pandora,2.0,1,1,0,Classical,1,0,120.0,3,2,1,3,2,2,2,1,2,1,3,3,2,1,3,3,8.0,7.0,5.0,4.0,Improve,Severe,Severe,Moderate,Moderate
10.0,Youtube music,2.0,1,1,0,Pop,1,1,112.0,3,0,1,0,0,1,1,3,0,1,0,3,0,1,0,3,8.0,2.0,1.0,1.0,Improve,Severe,Mild,Mild,Mild
27.0,Spotify,3.0,1,0,0,Metal,1,1,200.0,1,1,2,0,0,2,0,2,1,2,3,2,1,3,3,3,4.0,0.0,0.0,0.0,Improve,Moderate,None,None,None
24.0,Spotify,3.0,1,1,0,Classical,0,1,75.0,3,0,0,0,1,1,0,0,2,1,2,1,0,1,0,0,9.0,6.0,1.0,1.0,Improve,Severe,Moderate,Mild,Mild
18.0,Spotify,2.0,1,0,0,Hip hop,1,1,20.0,1,0,1,0,1,3,1,3,2,0,0,2,3,3,0,0,10.0,7.0,2.0,0.0,Improve,Severe,Severe,Mild,None
17.0,Apple music,7.0,1,0,0,Rock,0,0,140.0,0,0,0,0,0,0,0,0,0,2,0,3,0,0,3,2,8.0,7.0,7.0,4.0,Improve,Severe,Severe,Severe,Moderate
19.0,Spotify,6.0,1,0,0,Metal,1,0,111.0,2,0,0,0,0,0,0,0,0,0,3,1,0,0,3,2,1.0,0.0,0.0,0.0,Improve,Mild,None,None,None
16.0,Youtube music,3.0,1,0,0,Rock,1,1,150.0,2,0,2,0,0,1,1,1,0,1,2,2,2,2,3,2,5.0,7.0,1.0,4.0,Improve,Moderate,Severe,Mild,Moderate
64.0,Other streaming service,5.0,1,0,1,Rock,1,0,120.0,2,1,0,1,2,2,3,2,0,1,2,1,2,1,3,0,7.0,6.0,9.0,2.0,Improve,Severe,Moderate,Severe,Mild
33.0,Apple music,4.0,1,1,1,Lofi,1,1,114.0,2,1,1,2,0,2,2,1,1,3,3,2,1,2,2,2,8.0,8.0,2.0,2.0,Improve,Severe,Severe,Mild,Mild
32.0,I do not use a streaming service.,3.0,1,1,0,Rock,0,1,93.0,3,2,2,2,0,0,3,1,1,0,3,1,0,1,3,1,2.0,2.0,8.0,0.0,No effect,Mild,Mild,Severe,None
15.0,Pandora,2.0,1,1,0,Pop,1,0,145.0,1,2,0,0,0,0,0,1,3,0,0,3,2,2,0,0,6.0,0.0,0.0,2.0,Improve,Moderate,None,None,Mild
27.0,Youtube music,3.0,1,0,0,Metal,1,1,100.0,3,3,0,1,0,1,0,0,0,0,3,2,0,1,3,1,2.0,0.0,1.0,0.0,Improve,Mild,None,Mild,None
20.0,I do not use a streaming service.,2.0,1,0,0,Rock,1,0,114.0,1,1,0,2,0,0,1,0,0,0,1,2,1,0,3,2,6.0,2.0,6.0,7.0,No effect,Moderate,Mild,Moderate,Severe
23.0,I do not use a streaming service.,2.0,1,0,0,Pop,1,1,109.0,1,3,0,1,3,3,2,1,0,1,0,3,3,3,3,2,6.0,1.0,0.0,5.0,Improve,Moderate,Mild,None,Moderate
19.0,Apple music,3.0,0,1,0,Classical,1,0,120.0,3,1,0,1,1,2,1,0,0,0,1,2,0,0,3,2,7.0,6.0,4.0,0.0,Improve,Severe,Moderate,Moderate,None
12.0,Youtube music,2.0,1,1,1,Classical,0,0,120.0,3,0,0,0,0,0,0,0,0,1,0,1,0,0,0,0,0.0,0.0,3.0,0.0,Improve,None,None,Mild,None
16.0,Other streaming service,3.0,1,1,1,Classical,0,0,72.0,3,1,0,0,1,0,0,0,0,0,0,3,0,0,0,1,9.0,7.0,10.0,6.0,No effect,Severe,Severe,Severe,Moderate
17.0,Other streaming service,0.0,0,0,0,Video game music,0,1,89.0,0,0,0,0,0,0,0,0,0,3,0,0,0,0,0,3,10.0,0.0,0.0,0.0,No effect,Severe,None,None,None
14.0,Spotify,1.0,1,1,0,Pop,1,0,140.0,1,1,3,1,1,2,2,2,1,2,1,3,2,2,2,2,6.0,6.0,3.0,0.0,Improve,Moderate,Moderate,Mild,None
32.0,Spotify,2.0,1,0,0,Metal,1,0,84.0,1,1,3,1,1,1,1,1,0,2,3,2,1,1,2,3,4.0,3.0,1.0,6.0,Improve,Moderate,Mild,Mild,Moderate
20.0,Spotify,2.0,1,1,0,Pop,0,1,132.0,0,0,0,0,0,1,0,0,0,0,0,0,0,1,1,1,6.0,2.0,2.0,1.0,No effect,Moderate,Mild,Mild,Mild
54.0,I do not use a streaming service.,6.0,1,0,0,Classical,0,0,120.0,3,2,0,0,0,2,1,1,1,0,1,2,2,1,1,0,2.0,2.0,3.0,2.0,Improve,Mild,Mild,Mild,Mild
18.0,Spotify,5.0,1,0,0,K pop,1,1,124.0,0,1,1,0,0,1,1,3,1,1,0,3,1,2,2,0,7.0,4.0,5.0,6.0,Improve,Severe,Moderate,Moderate,Moderate
14.0,Spotify,2.0,1,1,0,Classical,1,0,181.0,3,0,0,0,0,1,0,0,0,1,2,2,0,1,3,1,7.0,5.0,3.0,2.0,Improve,Severe,Moderate,Mild,Mild
13.0,Other streaming service,4.0,1,1,1,Classical,1,0,126.0,3,0,2,1,0,0,1,1,0,0,1,3,0,0,2,2,8.0,5.0,10.0,3.0,Improve,Severe,Moderate,Severe,Mild
19.0,Apple music,8.0,1,0,1,Country,1,0,109.0,0,3,0,1,0,0,0,0,0,0,1,1,0,1,2,1,7.0,5.0,6.0,5.0,Improve,Severe,Moderate,Moderate,Moderate
14.0,Spotify,4.0,1,1,0,Classical,1,0,106.0,3,0,1,0,0,2,2,1,1,1,2,2,2,2,2,1,6.0,8.0,8.0,2.0,Improve,Moderate,Severe,Severe,Mild
14.0,Youtube music,1.5,0,1,0,Classical,1,1,140.0,3,0,0,0,1,0,2,0,0,0,0,0,0,0,1,2,1.0,2.0,4.0,3.0,Improve,Mild,Mild,Moderate,Mild
18.0,Apple music,2.0,1,1,0,Rap,1,1,170.0,3,0,2,0,0,3,2,1,3,2,1,2,2,3,1,2,3.0,2.0,0.0,2.0,Improve,Mild,Mild,None,Mild
15.0,Spotify,5.0,1,0,0,Folk,1,1,87.0,1,2,0,3,1,2,0,0,0,2,0,0,0,2,1,1,6.0,7.0,7.0,4.0,Improve,Moderate,Severe,Severe,Moderate
24.0,Youtube music,6.0,1,1,0,Classical,0,0,120.0,3,0,2,0,0,0,0,3,0,0,0,0,0,0,1,0,6.0,7.0,2.0,0.0,No effect,Moderate,Severe,Mild,None
17.0,Apple music,2.0,1,0,0,Pop,0,1,117.0,1,0,0,0,0,1,1,0,0,2,1,3,3,0,0,2,9.0,8.0,4.0,8.0,Improve,Severe,Severe,Moderate,Severe
44.0,Spotify,2.0,0,0,0,Rock,1,0,105.0,2,2,2,2,1,2,1,1,0,0,2,2,2,2,3,0,7.0,7.0,2.0,1.0,Improve,Severe,Severe,Mild,Mild
23.0,Spotify,1.0,0,1,0,Rock,1,0,120.0,2,0,0,0,0,0,1,0,0,1,2,0,0,0,3,0,1.0,0.0,1.0,0.0,Improve,Mild,None,Mild,None
21.0,Apple music,1.0,0,0,0,Rap,0,0,160.0,1,1,0,0,0,2,1,0,0,1,1,2,2,2,1,0,4.0,3.0,4.0,5.0,Improve,Moderate,Mild,Moderate,Moderate
57.0,Other streaming service,2.0,0,0,0,R&b,1,0,120.0,1,2,0,0,1,2,2,0,0,0,0,2,2,2,1,0,2.0,0.0,0.0,0.0,Improve,Mild,None,None,None
23.0,Spotify,2.0,1,1,0,Rock,1,1,141.0,1,1,0,3,0,1,0,0,0,3,3,3,0,2,3,3,0.0,5.0,7.0,0.0,No effect,None,Moderate,Severe,None
18.0,Spotify,1.0,1,1,0,Pop,0,1,105.0,2,1,0,0,1,0,1,0,2,1,0,3,0,0,0,3,8.0,7.0,7.0,0.0,Improve,Severe,Severe,Severe,None
26.0,Spotify,14.0,1,0,0,Hip hop,1,1,158.0,2,2,1,3,0,3,3,1,1,3,1,2,3,3,3,1,5.0,10.0,8.0,0.0,No effect,Moderate,Severe,Severe,None
13.0,Youtube music,3.0,1,0,1,Classical,0,0,80.0,3,0,0,0,0,0,0,0,0,0,0,0,0,0,0,0,8.0,7.0,9.0,2.0,Improve,Severe,Severe,Severe,Mild
15.0,Spotify,3.0,1,1,1,Classical,1,0,118.0,3,0,0,0,0,0,0,1,0,2,0,2,0,0,0,2,9.0,6.0,8.0,5.0,Improve,Severe,Moderate,Severe,Moderate
57.0,Youtube music,2.0,1,1,1,Rock,1,0,125.0,0,0,0,0,0,1,2,0,1,1,2,2,2,1,3,0,2.0,2.0,7.0,0.0,No effect,Mild,Mild,Severe,None
12.0,Spotify,0.5,1,1,1,Classical,1,1,109.0,3,0,0,0,0,0,1,0,0,1,0,2,0,0,0,0,7.0,8.0,6.0,2.0,Improve,Severe,Severe,Moderate,Mild
26.0,Spotify,6.0,1,0,0,Edm,0,1,156.0,0,0,3,0,0,0,0,0,0,0,0,1,1,1,0,1,10.0,10.0,8.0,2.0,No effect,Severe,Severe,Severe,Mild
17.0,Spotify,1.0,1,1,0,Country,0,0,105.0,0,3,0,1,1,0,1,0,0,0,1,1,1,0,2,1,8.0,5.0,2.0,3.0,Improve,Severe,Moderate,Mild,Mild
17.0,Spotify,2.0,1,1,0,Classical,1,1,120.0,3,0,1,0,0,0,0,1,0,1,1,2,1,0,2,2,7.0,8.0,2.0,5.0,Improve,Severe,Severe,Mild,Moderate
69.0,Pandora,4.0,1,1,1,Classical,1,1,72.0,3,2,0,2,2,1,3,1,1,1,0,2,2,0,3,0,1.0,1.0,2.0,0.0,Improve,Mild,Mild,Mild,None
17.0,Spotify,3.0,1,1,1,R&b,1,1,148.0,3,0,1,0,2,3,3,3,2,0,1,3,3,3,2,0,9.0,10.0,10.0,3.0,No effect,Severe,Severe,Severe,Mild
32.0,Spotify,12.0,1,1,1,Jazz,1,1,200.0,0,0,2,1,0,2,3,1,0,2,0,1,2,1,0,0,9.0,4.0,4.0,4.0,Improve,Severe,Moderate,Moderate,Moderate
22.0,Youtube music,3.0,0,1,0,Classical,1,0,113.0,3,0,0,0,0,0,2,0,0,0,0,1,0,0,1,0,8.0,2.0,4.0,0.0,No effect,Severe,Mild,Moderate,None
38.0,Spotify,1.0,0,0,0,Metal,1,1,191.0,1,0,0,2,0,0,1,0,0,0,3,0,0,0,2,1,1.0,1.0,5.0,1.0,Improve,Mild,Mild,Moderate,Mild
18.0,Youtube music,10.0,1,0,0,Edm,1,0,140.0,0,0,3,2,0,2,0,0,0,2,0,3,3,3,0,0,10.0,9.0,9.0,8.0,Improve,Severe,Severe,Severe,Severe
14.0,Spotify,5.0,1,1,0,Classical,1,1,40.0,3,1,1,1,1,1,1,2,1,2,0,2,2,1,1,3,3.0,0.0,2.0,3.0,Improve,Mild,None,Mild,Mild
14.0,Other streaming service,0.5,1,1,0,Video game music,1,1,173.0,3,0,0,1,0,0,1,2,1,0,0,3,0,0,0,3,4.0,0.0,4.0,0.0,Improve,Moderate,None,Moderate,None
19.0,Spotify,5.0,1,1,1,Metal,1,1,180.0,1,1,1,1,0,1,1,0,1,2,3,2,1,1,3,2,2.0,3.0,5.0,2.0,Improve,Mild,Mild,Moderate,Mild
20.0,Youtube music,3.0,1,1,1,Classical,1,0,100.0,3,2,1,2,1,1,3,1,1,0,1,2,2,1,1,1,2.0,3.0,3.0,0.0,Improve,Mild,Mild,Mild,None
18.0,Spotify,2.0,0,0,0,Rock,1,0,123.0,0,3,0,1,1,1,1,0,0,0,2,3,0,2,2,2,8.0,4.0,3.0,0.0,Improve,Severe,Moderate,Mild,None
30.0,Spotify,13.0,1,0,0,K pop,1,1,145.0,2,0,1,2,0,2,2,3,3,1,1,3,3,2,3,2,10.0,10.0,10.0,7.0,Improve,Severe,Severe,Severe,Severe
31.0,I do not use a streaming service.,4.0,1,1,0,Classical,1,1,55.0,3,1,0,1,1,0,2,0,0,1,1,0,0,0,2,2,8.0,8.0,9.0,3.0,Improve,Severe,Severe,Severe,Mild
72.0,Spotify,6.0,1,1,1,Rock,0,0,77.0,0,2,0,0,0,0,3,0,2,0,0,1,3,0,3,0,0.0,1.0,0.0,2.0,Improve,None,Mild,None,Mild
73.0,Pandora,3.0,1,0,0,R&b,1,1,4.0,2,3,1,2,3,2,2,1,3,0,1,2,3,2,2,0,5.0,4.0,0.0,1.0,Improve,Moderate,Moderate,None,Mild
16.0,Spotify,4.0,1,0,0,Pop,1,1,150.0,1,1,2,2,1,3,1,2,1,2,1,3,1,1,1,1,7.5,5.0,7.0,8.5,Improve,Severe,Moderate,Severe,Severe
19.0,Youtube music,3.0,0,1,0,Rap,1,1,73.0,1,0,2,0,0,2,1,0,0,1,0,2,1,3,2,2,3.0,3.0,0.0,0.0,Improve,Mild,Mild,None,None
16.0,Spotify,2.0,1,1,0,Classical,0,0,155.0,3,1,0,1,0,1,1,0,0,1,0,3,0,0,1,1,7.0,5.0,3.0,1.0,Improve,Severe,Moderate,Mild,Mild
12.0,Spotify,2.0,1,1,1,Classical,1,1,120.0,3,1,0,0,1,2,1,1,0,0,0,2,0,1,2,0,8.0,0.0,1.0,6.0,Improve,Severe,None,Mild,Moderate
39.0,Spotify,1.0,1,0,0,Hip hop,1,1,89.0,0,1,1,2,0,3,1,1,1,2,2,3,2,3,3,0,6.0,4.0,1.0,1.0,Improve,Moderate,Moderate,Mild,Mild
15.0,Spotify,6.0,1,1,0,K pop,1,1,110.0,2,0,1,2,0,1,2,3,2,2,1,3,2,1,3,0,8.0,8.0,7.0,10.0,No effect,Severe,Severe,Severe,Severe
14.0,Spotify,9.0,1,0,0,R&b,1,1,140.0,3,1,1,1,1,2,1,3,1,2,1,3,3,3,1,1,10.0,8.0,9.0,5.0,Improve,Severe,Severe,Severe,Moderate
21.0,Spotify,1.0,0,0,0,Country,0,0,135.0,0,3,0,0,0,0,0,0,0,0,0,0,0,0,0,0,3.0,0.0,2.0,0.0,Improve,Mild,None,Mild,None
38.0,Apple music,1.0,1,0,0,Video game music,0,0,125.0,1,0,0,0,0,1,2,1,1,0,1,2,1,1,1,3,5.0,5.0,7.0,1.0,Worsen,Moderate,Moderate,Severe,Mild
23.0,Spotify,0.5,0,0,1,Hip hop,1,1,110.0,2,2,1,1,1,3,1,3,1,2,1,2,2,3,1,2,7.0,7.0,6.0,5.0,Improve,Severe,Severe,Moderate,Moderate
16.0,Other streaming service,1.0,0,0,0,Edm,1,0,140.0,0,0,3,0,0,2,1,0,0,2,2,1,1,1,2,2,7.0,4.0,6.0,3.0,Improve,Severe,Moderate,Moderate,Mild
21.0,Apple music,1.5,1,1,0,Folk,0,0,105.0,0,2,0,3,0,0,0,0,0,0,0,0,0,0,2,0,3.0,3.0,1.0,0.0,Improve,Mild,Mild,Mild,None
13.0,Spotify,6.0,1,0,0,Rap,1,0,112.0,0,0,0,0,0,3,0,1,0,1,0,1,0,3,0,0,4.0,0.0,0.0,2.0,Worsen,Moderate,None,None,Mild
16.0,Spotify,4.0,1,0,0,Rock,1,0,96.0,1,2,2,2,0,2,1,2,0,3,3,3,0,0,3,2,3.0,0.0,6.0,9.0,Improve,Mild,None,Moderate,Severe
18.0,Spotify,6.0,1,0,1,Rock,1,0,120.0,2,1,1,3,0,2,0,2,0,3,3,2,1,2,3,3,5.0,1.0,6.0,0.0,Improve,Moderate,Mild,Moderate,None
21.0,Spotify,4.0,1,0,0,Metal,1,1,155.0,0,0,3,0,0,0,0,0,0,1,2,0,0,0,3,3,10.0,6.0,8.0,0.0,Improve,Severe,Moderate,Severe,None
17.0,Spotify,1.5,1,0,0,Classical,1,1,174.0,3,1,0,1,0,0,2,0,0,2,0,3,1,0,0,0,7.0,5.0,1.0,2.0,No effect,Severe,Moderate,Mild,Mild
24.0,Apple music,2.0,1,0,0,Rock,1,1,93.0,1,2,0,3,0,2,2,0,1,2,0,1,1,2,3,0,7.0,7.0,0.0,4.0,No effect,Severe,Severe,None,Moderate
14.0,Apple music,2.0,1,0,0,Pop,1,0,78.0,1,0,0,2,0,2,0,1,3,1,1,3,2,2,1,0,6.0,0.0,0.0,0.0,Improve,Moderate,None,None,None
25.0,Spotify,4.0,1,0,0,Rock,1,1,120.0,2,1,1,3,1,2,2,1,1,2,2,2,1,2,3,3,6.0,2.0,3.0,2.0,Improve,Moderate,Mild,Mild,Mild
22.0,Spotify,3.0,1,0,0,Lofi,1,1,174.0,1,3,2,1,1,1,1,1,1,3,1,1,1,1,1,1,7.0,6.0,7.0,9.0,Improve,Severe,Moderate,Severe,Severe
20.0,I do not use a streaming service.,4.0,1,0,0,Rock,1,1,120.0,1,0,2,0,0,1,0,3,1,1,2,3,1,1,3,1,5.0,7.0,7.0,0.0,No effect,Moderate,Severe,Severe,None
23.0,Spotify,2.0,1,0,0,Pop,0,0,75.0,2,1,1,2,0,3,2,0,0,0,0,3,3,3,2,2,7.0,6.0,4.0,3.0,Improve,Severe,Moderate,Moderate,Mild
61.0,Pandora,2.0,1,0,0,Rock,1,0,94.0,0,0,0,1,0,0,0,1,0,0,2,2,1,0,2,0,2.0,2.0,2.0,0.0,Improve,Mild,Mild,Mild,None
24.0,Spotify,6.0,1,0,0,Video game music,0,1,180.0,2,0,2,3,0,0,0,1,0,1,2,1,0,0,3,3,9.0,5.0,0.0,7.0,Improve,Severe,Moderate,None,Severe
34.0,Spotify,0.0,0,1,0,Rock,0,1,115.0,1,1,0,2,0,0,0,0,0,0,1,0,0,0,3,0,3.0,7.0,8.0,0.0,Worsen,Mild,Severe,Severe,None
49.0,Spotify,1.0,0,0,0,Pop,1,0,128.0,2,0,0,0,0,3,1,0,0,3,0,3,3,3,2,0,4.0,5.0,9.0,1.0,Improve,Moderate,Moderate,Severe,Mild
33.0,I do not use a streaming service.,4.0,1,1,0,Rock,1,1,112.0,1,2,1,1,1,1,1,0,0,3,1,2,1,1,3,3,1.0,0.0,7.0,0.0,Improve,Mild,None,Severe,None
22.0,I do not use a streaming service.,2.0,0,1,1,Metal,0,0,140.0,0,0,1,0,0,0,0,0,0,0,3,1,1,0,3,3,3.0,2.0,0.0,2.0,No effect,Mild,Mild,None,Mild
38.0,Spotify,3.0,1,0,0,Metal,1,1,143.0,1,0,0,0,0,0,0,0,0,0,3,0,0,1,2,0,1.0,6.0,1.0,2.0,Improve,Mild,Moderate,Mild,Mild
23.0,Youtube music,4.0,0,0,0,Hip hop,1,0,72.0,1,1,0,1,0,3,1,0,0,2,1,3,2,2,2,1,8.0,10.0,4.0,0.0,No effect,Severe,Severe,Moderate,None
34.0,I do not use a streaming service.,2.0,0,0,0,Video game music,0,1,100.0,1,1,1,0,0,2,1,1,0,1,1,0,0,2,1,3,8.0,10.0,10.0,0.0,No effect,Severe,Severe,Severe,None
40.0,Other streaming service,3.0,1,0,0,Metal,1,1,120.0,0,0,0,0,0,0,2,0,2,0,3,1,1,0,2,0,3.0,0.0,8.0,1.0,No effect,Mild,None,Severe,Mild
27.0,Spotify,1.0,0,0,0,Hip hop,1,0,120.0,2,0,1,0,0,3,1,0,0,1,0,2,3,3,0,0,3.0,4.0,1.0,0.0,Improve,Mild,Moderate,Mild,None
54.0,Youtube music,10.0,1,0,0,Rock,1,0,120.0,2,2,0,1,0,0,1,0,0,0,1,1,2,0,2,0,2.0,1.0,2.0,2.0,Improve,Mild,Mild,Mild,Mild
16.0,Spotify,10.0,0,0,0,Rock,1,0,105.0,1,3,0,3,1,1,2,0,0,0,3,2,1,1,3,0,0.0,0.0,0.0,0.0,No effect,None,None,None,None
23.0,I do not use a streaming service.,10.0,1,0,0,Video game music,0,1,119.0,1,0,2,2,0,1,0,2,0,2,1,2,0,1,2,3,8.0,8.0,5.0,0.0,Improve,Severe,Severe,Moderate,None
35.0,Spotify,4.0,0,0,0,Country,1,0,120.0,0,3,0,1,0,0,0,0,0,0,2,2,0,0,2,1,1.0,1.0,1.0,0.0,No effect,Mild,Mild,Mild,None
22.0,Youtube music,4.0,1,0,0,Folk,1,1,137.0,1,2,3,3,0,2,2,0,1,2,3,3,2,2,3,2,8.0,7.0,6.0,2.0,Improve,Severe,Severe,Moderate,Mild
41.0,Spotify,3.0,0,0,0,Metal,1,1,178.0,3,1,0,1,0,0,0,2,0,0,3,1,0,1,2,3,6.0,5.0,4.0,0.0,No effect,Moderate,Moderate,Moderate,None
63.0,Spotify,2.0,1,0,0,Rock,1,0,133.0,3,2,1,3,0,1,2,0,1,0,0,0,1,0,3,0,5.0,4.0,6.0,2.0,Improve,Moderate,Moderate,Moderate,Mild
28.0,Spotify,1.0,0,1,0,Rock,1,0,72.0,1,1,0,1,0,1,0,0,0,2,1,2,0,1,2,0,3.0,1.0,0.0,2.0,No effect,Mild,Mild,None,Mild
22.0,Spotify,6.0,1,1,0,Country,1,0,120.0,1,3,2,3,1,2,2,0,1,2,2,2,1,2,3,2,4.0,8.0,2.0,2.0,Improve,Moderate,Severe,Mild,Mild
58.0,Youtube music,1.0,1,0,0,Rock,1,0,133.0,1,2,1,2,2,2,2,0,1,1,2,1,2,2,2,0,5.0,6.0,3.0,1.0,Improve,Moderate,Moderate,Mild,Mild
58.0,Youtube music,1.0,1,1,1,Classical,1,0,80.0,2,1,0,1,2,1,2,1,1,0,0,1,0,0,0,0,0.0,0.0,2.0,1.0,Improve,None,None,Mild,Mild
67.0,Other streaming service,4.0,1,0,0,Rock,0,0,146.0,0,2,0,0,0,0,2,0,0,0,1,0,1,0,3,0,7.0,6.0,7.0,4.0,Improve,Severe,Moderate,Severe,Moderate
70.0,I do not use a streaming service.,2.0,1,0,0,Country,0,0,88.0,2,3,0,0,0,0,0,0,0,0,0,0,0,0,0,0,8.0,5.0,6.0,1.0,Improve,Severe,Moderate,Moderate,Mild
60.0,Youtube music,2.0,1,0,0,Rock,0,1,132.0,2,2,0,2,1,0,1,0,1,0,1,2,2,1,3,1,4.0,4.0,2.0,0.0,Improve,Moderate,Moderate,Mild,None
15.0,Spotify,2.0,1,1,1,Pop,1,0,102.0,1,1,2,0,2,1,2,2,0,0,0,3,2,0,2,3,9.0,8.0,10.0,9.0,Improve,Severe,Severe,Severe,Severe
18.0,Youtube music,6.0,1,0,0,Edm,1,1,91.0,3,1,3,1,2,3,2,0,2,3,2,3,3,3,2,3,5.0,5.0,7.0,0.0,Improve,Moderate,Moderate,Severe,None
58.0,Other streaming service,3.0,1,0,0,Hip hop,1,1,127.0,2,0,2,1,2,3,3,0,2,3,0,1,3,2,2,0,4.0,6.0,8.0,1.0,Improve,Moderate,Moderate,Severe,Mild
28.0,Other streaming service,1.0,1,0,0,Lofi,1,1,82.0,2,1,1,1,1,2,2,1,2,3,1,2,2,1,2,2,4.0,8.0,5.0,0.0,Improve,Moderate,Severe,Moderate,None
22.0,Spotify,4.0,1,1,0,Lofi,1,0,141.0,1,1,0,2,0,1,2,0,0,3,1,2,1,1,3,0,9.0,10.0,6.0,7.0,Improve,Severe,Severe,Moderate,Severe
49.0,Youtube music,0.5,0,0,0,Classical,0,0,114.0,3,2,1,2,3,2,2,1,1,0,1,2,2,2,1,1,3.0,2.0,2.0,2.0,Improve,Mild,Mild,Mild,Mild
20.0,Youtube music,8.0,1,0,0,Rock,1,1,148.0,0,1,1,2,0,0,1,0,0,1,2,1,2,0,3,2,6.0,2.0,2.0,1.0,Improve,Moderate,Mild,Mild,Mild
55.0,Youtube music,15.0,1,0,0,Rock,0,0,156.0,1,0,0,3,0,0,2,0,1,0,0,1,0,0,3,0,2.0,0.0,3.0,0.0,No effect,Mild,None,Mild,None
48.0,Spotify,1.5,1,1,0,Metal,0,0,185.0,1,0,1,0,0,0,1,0,0,0,2,0,1,0,1,1,10.0,8.0,0.0,4.0,Improve,Severe,Severe,None,Moderate
14.0,Spotify,2.0,1,1,0,K pop,1,1,114.0,2,0,1,0,0,2,2,3,0,2,0,1,1,1,0,1,4.0,4.0,2.0,2.0,Improve,Moderate,Moderate,Mild,Mild
18.0,Spotify,3.0,1,1,0,Pop,1,1,120.0,2,0,2,1,0,3,2,3,3,2,1,3,3,3,2,2,7.0,8.0,6.0,2.0,Improve,Severe,Severe,Moderate,Mild
25.0,Spotify,1.0,1,0,0,Pop,1,1,80.0,3,1,1,1,0,2,2,0,0,1,3,3,1,2,2,2,7.0,6.0,5.0,5.0,Improve,Severe,Moderate,Moderate,Moderate
71.0,I do not use a streaming service.,0.25,1,0,0,Gospel,0,1,120.0,2,1,0,1,2,0,0,0,2,0,0,1,1,0,1,0,1.0,0.0,0.0,0.0,Improve,Mild,None,None,None
60.0,Youtube music,1.0,0,1,1,Gospel,0,0,120.0,2,1,0,0,3,1,0,0,0,0,0,0,0,1,1,0,6.0,2.0,8.0,0.0,Improve,Moderate,Mild,Severe,None
18.0,I do not use a streaming service.,1.0,1,0,1,Video game music,0,0,116.0,1,1,2,2,0,1,2,0,0,0,2,0,1,2,2,3,4.0,5.0,7.0,0.0,No effect,Moderate,Moderate,Severe,None
19.0,Spotify,5.0,1,0,0,Hip hop,0,1,99.0,1,3,2,1,1,3,0,1,3,0,1,2,2,3,1,2,10.0,7.0,0.0,0.0,Improve,Severe,Severe,None,None
74.0,I do not use a streaming service.,1.0,0,0,0,Pop,0,0,129.0,1,3,0,2,2,0,1,0,2,0,0,3,2,0,2,0,4.0,2.0,1.0,0.0,Improve,Moderate,Mild,Mild,None
36.0,Pandora,1.0,1,0,0,Hip hop,0,0,131.0,2,0,0,0,0,3,0,0,0,0,0,3,2,2,2,0,7.0,6.0,2.0,3.0,Improve,Severe,Moderate,Mild,Mild
14.0,Spotify,7.0,1,0,0,Lofi,1,1,95.0,0,0,0,0,0,2,0,0,0,3,0,3,0,2,0,1,3.0,2.0,8.0,0.0,Improve,Mild,Mild,Severe,None
20.0,Spotify,3.0,0,1,1,Hip hop,1,1,80.0,3,1,1,2,0,3,2,0,2,1,1,2,2,3,3,1,10.0,7.0,4.0,3.0,Improve,Severe,Severe,Moderate,Mild
15.0,Spotify,3.0,1,0,0,K pop,1,1,204.0,1,0,1,0,0,3,2,3,0,0,0,1,2,3,2,3,4.0,0.0,0.0,0.0,No effect,Moderate,None,None,None
19.0,I do not use a streaming service.,7.0,1,0,0,Rock,0,0,128.0,2,1,0,1,0,0,2,0,0,0,1,0,0,0,3,2,7.0,7.0,0.0,0.0,Improve,Severe,Severe,None,None
29.0,Spotify,8.0,1,0,0,Edm,0,1,140.0,1,2,3,2,0,2,1,0,0,1,2,0,0,3,3,3,6.0,7.0,4.0,1.0,Improve,Moderate,Severe,Moderate,Mild
24.0,Spotify,2.0,1,0,0,Metal,1,0,159.0,0,1,3,2,3,0,0,0,0,1,3,1,0,0,2,1,7.0,6.0,2.0,7.0,Improve,Severe,Moderate,Mild,Severe
18.0,Apple music,2.0,1,0,0,Pop,1,1,104.0,1,1,1,1,1,3,1,1,2,1,2,3,3,3,3,0,6.0,5.0,8.0,0.0,Improve,Moderate,Moderate,Severe,None
21.0,Spotify,2.0,1,0,0,Rock,1,1,97.0,2,0,0,2,0,1,1,1,0,1,0,3,1,1,3,1,10.0,10.0,2.0,3.0,Improve,Severe,Severe,Mild,Mild
19.0,Spotify,2.0,1,0,0,K pop,1,1,80.0,1,0,1,0,0,2,2,3,0,2,0,2,3,1,2,2,7.0,6.0,5.0,1.0,Improve,Severe,Moderate,Moderate,Mild
25.0,Spotify,4.0,0,0,0,Video game music,1,1,134.0,2,0,0,1,1,0,0,1,3,0,0,3,2,0,0,3,3.0,0.0,0.0,0.0,Improve,Mild,None,None,None
28.0,Spotify,8.0,1,0,0,Rock,1,1,120.0,1,1,1,2,1,2,2,1,1,3,1,3,2,2,3,2,8.0,2.0,1.0,0.0,No effect,Severe,Mild,Mild,None
27.0,Other streaming service,4.0,1,0,0,Rap,1,0,135.0,1,0,0,0,0,2,1,2,0,2,0,1,0,3,1,1,7.0,6.0,6.0,5.0,Improve,Severe,Moderate,Moderate,Moderate
60.0,Spotify,1.0,0,0,0,Rock,1,0,129.0,2,1,0,2,0,0,2,0,0,0,0,1,1,0,2,0,3.0,2.0,5.0,0.0,No effect,Mild,Mild,Moderate,None
25.0,Youtube music,5.0,0,0,0,Metal,0,1,120.0,1,1,0,1,0,0,0,0,0,0,3,2,0,0,2,1,8.0,2.0,1.0,0.0,Improve,Severe,Mild,Mild,None
60.0,Other streaming service,2.0,1,0,0,Rock,0,0,120.0,1,2,0,0,0,0,0,0,0,0,2,1,2,0,3,0,7.0,7.0,2.0,4.0,Improve,Severe,Severe,Mild,Moderate
43.0,Other streaming service,1.0,0,0,0,Country,0,0,110.0,0,3,0,0,0,1,0,0,0,0,0,2,0,0,1,0,5.0,1.0,1.0,1.0,Improve,Moderate,Mild,Mild,Mild
51.0,I do not use a streaming service.,5.0,1,0,0,Rock,0,0,180.0,2,1,0,2,0,0,1,0,0,0,2,1,1,0,3,1,1.0,2.0,1.0,0.0,No effect,Mild,Mild,Mild,None
63.0,Youtube music,8.0,1,0,0,Rock,1,0,70.0,2,2,1,1,0,0,1,0,1,1,0,2,1,0,2,0,2.0,1.0,2.0,2.0,Improve,Mild,Mild,Mild,Mild
64.0,Youtube music,2.0,1,0,0,Classical,0,0,120.0,3,0,1,3,0,1,1,0,1,1,0,3,1,0,1,0,5.0,2.0,4.0,0.0,Improve,Moderate,Mild,Moderate,None
22.0,Spotify,2.0,1,0,0,Pop,0,0,120.0,2,1,2,2,1,2,0,1,0,3,1,3,1,2,2,1,7.0,2.0,1.0,0.0,Improve,Severe,Mild,Mild,None
24.0,Youtube music,1.0,1,0,0,Folk,0,1,103.0,2,0,3,3,1,2,2,1,1,3,1,2,1,2,3,3,10.0,10.0,7.0,8.0,Improve,Severe,Severe,Severe,Severe
19.0,Spotify,8.0,1,0,0,Pop,1,1,99.0,1,2,2,3,0,3,0,3,2,1,1,3,2,3,3,1,7.0,2.0,1.0,6.0,Improve,Severe,Mild,Mild,Moderate
56.0,Apple music,8.0,1,0,0,Pop,1,0,117.0,2,1,1,2,0,2,2,1,1,1,2,2,2,2,2,0,6.0,4.0,1.0,0.0,Improve,Moderate,Moderate,Mild,None
20.0,Spotify,1.0,0,0,0,Edm,1,0,102.0,1,0,3,0,0,2,0,1,1,3,1,3,0,0,0,0,5.0,9.0,6.0,1.0,Improve,Moderate,Severe,Moderate,Mild
19.0,I do not use a streaming service.,1.0,1,1,0,Video game music,0,0,127.0,3,0,0,1,1,2,2,1,1,3,0,2,2,1,1,3,7.0,5.0,7.0,0.0,Improve,Severe,Moderate,Severe,None
20.0,Spotify,8.0,1,0,0,Jazz,1,1,93.0,1,2,1,3,0,2,3,1,2,3,0,2,1,2,2,1,7.0,6.0,7.0,4.0,Improve,Severe,Moderate,Severe,Moderate
60.0,Spotify,2.0,1,0,0,Rock,0,0,120.0,1,1,0,1,1,0,1,0,0,0,1,2,2,0,3,0,0.0,0.0,0.0,0.0,Improve,None,None,None,None
65.0,Apple music,6.0,1,0,0,R&b,0,1,146.0,1,1,0,1,1,1,1,1,2,0,0,2,3,0,2,0,3.0,5.0,0.0,2.0,No effect,Mild,Moderate,None,Mild
28.0,Spotify,3.0,0,1,1,Metal,1,1,0.0,3,0,1,2,1,1,3,1,2,3,3,1,2,0,3,3,8.0,8.0,5.0,2.0,Improve,Severe,Severe,Moderate,Mild
18.0,I do not use a streaming service.,4.0,1,1,0,Edm,0,1,150.0,3,0,3,0,0,0,1,0,0,1,0,2,0,1,1,2,8.0,7.0,10.0,6.0,Improve,Severe,Severe,Severe,Moderate
42.0,Spotify,2.0,1,0,0,Rock,0,1,85.0,1,0,0,0,0,1,0,0,0,0,0,2,1,1,2,1,2.0,4.0,5.0,2.0,Improve,Mild,Moderate,Moderate,Mild
80.0,I do not use a streaming service.,3.0,1,1,0,Classical,0,0,122.0,3,1,0,1,0,0,1,1,0,1,1,2,0,0,0,2,7.0,3.0,9.0,2.0,Improve,Severe,Mild,Severe,Mild
22.0,I do not use a streaming service.,4.0,0,0,1,Pop,1,0,120.0,1,2,3,2,0,1,0,0,0,0,1,3,3,1,2,0,8.0,7.0,4.0,4.0,Improve,Severe,Severe,Moderate,Moderate
56.0,Other streaming service,2.0,0,0,0,Jazz,1,1,120.0,2,0,2,2,1,0,3,0,1,1,1,2,1,0,2,1,0.0,0.0,0.0,5.0,No effect,None,None,None,Moderate
20.0,Youtube music,1.0,1,0,0,Pop,0,1,120.0,0,0,2,0,0,1,2,3,1,1,0,3,2,1,1,0,8.0,6.0,9.0,8.0,Improve,Severe,Moderate,Severe,Severe
15.0,Spotify,1.0,1,0,0,Video game music,1,1,150.0,0,1,2,0,0,2,1,0,0,3,2,2,1,1,3,3,4.0,2.0,3.0,2.0,Improve,Moderate,Mild,Mild,Mild
67.0,I do not use a streaming service.,1.0,0,0,0,Rock,0,0,120.0,2,2,0,2,2,2,2,0,2,0,2,2,2,2,2,0,3.0,2.0,2.0,2.0,Improve,Mild,Mild,Mild,Mild
57.0,Spotify,2.0,1,1,0,Gospel,0,0,174.0,2,0,0,1,3,0,2,0,1,0,0,2,2,0,1,0,6.0,4.0,10.0,0.0,Improve,Moderate,Moderate,Severe,None
22.0,Apple music,7.0,1,0,0,Pop,1,1,112.0,0,0,2,1,0,3,0,3,2,0,0,3,3,3,2,1,8.0,8.0,10.0,0.0,Improve,Severe,Severe,Severe,None
17.0,Spotify,5.0,1,0,0,Pop,1,1,180.0,0,0,2,0,0,2,0,3,1,1,0,3,3,2,1,1,5.0,5.0,5.0,5.0,Improve,Moderate,Moderate,Moderate,Moderate
19.0,Spotify,3.0,1,0,0,Rock,0,0,121.0,0,3,0,1,2,0,0,0,0,0,1,3,0,2,3,2,10.0,8.0,6.0,2.0,No effect,Severe,Severe,Moderate,Mild
50.0,I do not use a streaming service.,1.0,0,0,0,Rock,0,0,98.0,2,2,0,0,0,3,2,1,1,0,1,3,2,2,3,0,0.0,0.0,7.0,0.0,Improve,None,None,Severe,None
24.0,Spotify,6.0,1,1,1,Rock,1,1,118.0,0,1,2,3,0,1,1,2,0,1,3,2,0,1,3,2,8.0,8.0,10.0,0.0,Improve,Severe,Severe,Severe,None
67.0,Apple music,2.0,0,0,0,Rock,1,0,120.0,2,0,0,0,0,1,0,0,0,0,2,2,0,0,2,0,8.0,2.0,0.0,0.0,No effect,Severe,Mild,None,None
18.0,Other streaming service,3.0,1,1,1,Metal,1,0,135.0,2,2,0,1,1,1,0,0,0,0,3,0,1,1,1,0,7.0,8.0,4.0,10.0,Improve,Severe,Severe,Moderate,Severe
20.0,Spotify,1.5,1,0,0,Country,0,0,120.0,1,3,2,0,0,2,2,2,1,0,0,2,0,2,2,0,0.0,2.0,0.0,1.0,Improve,None,Mild,None,Mild
15.0,Spotify,4.0,1,1,0,Pop,1,0,105.0,0,1,0,0,2,1,1,1,1,2,1,3,2,2,3,2,3.0,5.0,4.0,0.0,Improve,Mild,Moderate,Moderate,None
17.0,Spotify,2.0,1,1,0,Pop,1,1,122.0,1,0,0,1,0,2,0,3,1,0,0,3,0,2,0,0,5.0,2.0,3.0,1.0,Improve,Moderate,Mild,Mild,Mild
32.0,Youtube music,2.0,1,0,0,Folk,1,0,120.0,0,0,2,2,0,2,2,0,1,2,0,2,2,2,2,2,6.0,1.0,0.0,0.0,Improve,Moderate,Mild,None,None
18.0,Spotify,2.0,0,0,0,Rap,1,1,136.0,1,0,0,0,0,3,1,0,0,0,1,2,1,3,1,3,6.0,3.0,4.0,2.0,Improve,Moderate,Mild,Moderate,Mild
18.0,Spotify,1.0,1,1,1,Rock,1,0,165.0,2,0,2,0,0,1,1,0,0,1,3,2,0,1,3,1,5.0,6.0,8.0,2.0,Improve,Moderate,Moderate,Severe,Mild
18.0,Spotify,3.0,1,0,0,K pop,1,1,130.0,2,0,0,0,0,2,0,3,0,1,0,2,3,1,2,1,8.0,4.0,7.0,5.0,Improve,Severe,Moderate,Severe,Moderate
19.0,Spotify,3.0,1,0,0,Pop,1,0,120.0,0,0,3,0,0,3,1,1,1,1,1,3,2,3,1,2,1.0,1.0,2.0,3.0,Improve,Mild,Mild,Mild,Mild
18.0,Spotify,2.0,0,1,0,Rock,1,0,115.0,0,0,0,0,0,1,0,0,0,0,2,2,1,1,3,0,8.0,3.0,1.0,3.0,Improve,Severe,Mild,Mild,Mild
17.0,Other streaming service,6.0,1,0,1,Rap,1,0,140.0,1,0,1,0,2,3,2,0,0,2,0,2,2,3,1,0,3.0,3.0,0.0,0.0,Improve,Mild,Mild,None,None
34.0,Spotify,3.0,1,0,0,Classical,0,1,95.0,3,0,0,0,0,0,1,0,0,1,2,1,0,0,2,2,0.0,0.0,0.0,0.0,No effect,None,None,None,None
18.0,Youtube music,3.0,1,0,0,Pop,0,0,150.0,1,1,2,1,0,3,1,1,0,1,1,3,1,3,1,2,5.0,4.0,2.0,0.0,No effect,Moderate,Moderate,Mild,None
18.0,Spotify,2.0,1,0,0,R&b,1,0,97.0,0,0,0,0,2,3,1,0,1,1,0,2,3,3,1,0,2.0,4.0,0.0,0.0,Improve,Mild,Moderate,None,None
22.0,I do not use a streaming service.,2.0,1,0,0,Video game music,0,0,120.0,2,1,1,0,3,1,2,1,1,1,0,1,0,0,0,3,4.0,6.0,0.0,2.0,Improve,Moderate,Moderate,None,Mild
18.0,Spotify,2.0,1,0,1,Pop,1,0,120.0,2,1,2,0,0,1,2,1,0,2,0,3,1,0,2,2,5.0,7.0,2.0,0.0,Improve,Moderate,Severe,Mild,None
19.0,Spotify,3.0,1,0,0,Rock,1,1,122.0,2,1,1,2,1,2,1,1,1,1,1,2,1,2,3,0,4.0,0.0,7.0,0.0,No effect,Moderate,None,Severe,None
25.0,I do not use a streaming service.,4.0,1,0,0,Pop,1,1,150.0,1,0,2,0,0,3,0,1,1,1,2,3,1,3,3,1,10.0,8.0,6.0,2.0,No effect,Severe,Severe,Moderate,Mild
17.0,Spotify,2.0,1,1,1,R&b,1,0,120.0,3,1,0,1,1,1,2,2,1,2,1,3,3,1,2,0,3.0,3.0,1.0,0.0,Improve,Mild,Mild,Mild,None
25.0,Spotify,5.0,1,1,0,Rock,1,0,125.0,2,2,1,0,0,2,0,1,0,1,2,2,0,2,3,2,8.0,7.0,2.0,1.0,Improve,Severe,Severe,Mild,Mild
18.0,Spotify,2.0,1,0,0,R&b,0,0,96.0,2,1,0,0,0,2,1,0,0,3,1,3,3,2,3,1,3.0,3.0,0.0,3.0,Improve,Mild,Mild,None,Mild
21.0,Spotify,1.0,1,0,0,K pop,1,1,120.0,1,1,2,1,0,3,1,3,1,1,2,3,2,2,3,1,4.0,5.0,2.0,5.0,Improve,Moderate,Moderate,Mild,Moderate
24.0,Spotify,7.0,1,0,0,Folk,1,1,137.0,2,1,1,3,0,1,1,0,1,2,1,3,1,1,3,3,10.0,10.0,8.0,10.0,Improve,Severe,Severe,Severe,Severe
16.0,Spotify,3.0,1,1,0,K pop,0,1,174.0,1,0,2,0,0,1,2,3,2,2,0,3,1,2,0,0,10.0,2.0,7.0,8.0,Improve,Severe,Mild,Severe,Severe
18.0,Spotify,3.0,0,1,1,Metal,1,0,210.0,0,0,0,1,0,2,3,0,1,0,3,1,2,2,2,1,9.0,6.0,8.0,5.0,Improve,Severe,Moderate,Severe,Moderate
18.0,Spotify,4.0,1,0,0,R&b,1,1,129.0,1,1,1,0,0,3,2,0,0,1,0,3,3,3,3,1,6.0,4.0,1.0,6.0,Improve,Moderate,Moderate,Mild,Moderate
16.0,Spotify,3.0,1,0,0,Pop,1,0,112.0,3,0,0,0,0,1,1,0,0,0,0,3,3,0,2,0,3.0,4.0,6.0,8.0,Improve,Mild,Moderate,Moderate,Severe
68.0,Pandora,1.0,1,0,0,Gospel,0,0,8.0,3,0,0,2,3,0,0,0,2,0,0,0,0,0,0,0,10.0,10.0,10.0,0.0,Improve,Severe,Severe,Severe,None
16.0,Spotify,7.0,1,0,0,Video game music,1,0,999999999.0,0,1,2,1,0,1,1,0,0,0,3,2,0,3,1,2,4.0,8.0,8.0,4.0,No effect,Moderate,Severe,Severe,Moderate
21.0,Spotify,1.0,0,0,0,R&b,1,1,81.0,0,0,0,0,1,3,0,0,0,0,0,3,3,2,0,0,3.0,0.0,0.0,0.0,Improve,Mild,None,None,None
53.0,Pandora,4.0,1,0,0,R&b,1,1,153.0,1,2,1,1,1,3,1,2,1,0,2,1,2,2,2,1,1.0,0.0,0.0,0.0,Improve,Mild,None,None,None
29.0,Spotify,4.0,1,0,0,Classical,1,0,120.0,3,0,3,0,0,0,2,0,1,1,0,2,0,0,1,1,5.0,6.0,7.0,7.0,No effect,Moderate,Moderate,Severe,Severe
18.0,Spotify,3.0,1,0,0,Video game music,1,1,89.0,2,0,0,0,0,0,2,1,0,3,0,1,2,0,0,3,7.0,0.0,3.0,1.0,No effect,Severe,None,Mild,Mild
29.0,Spotify,2.0,1,0,0,Pop,0,0,120.0,0,0,1,1,0,3,0,0,0,2,1,3,0,3,0,3,10.0,8.0,8.0,9.0,Improve,Severe,Severe,Severe,Severe
18.0,Spotify,4.0,1,1,0,R&b,1,1,169.0,1,2,3,0,1,3,1,2,2,2,1,2,3,2,1,2,3.0,0.0,3.0,4.0,Improve,Mild,None,Mild,Moderate
22.0,Spotify,5.0,1,0,0,Edm,1,1,138.0,0,0,3,0,0,3,0,0,0,3,0,3,3,3,3,2,1.0,0.0,0.0,1.0,No effect,Mild,None,None,Mild
19.0,Other streaming service,6.0,1,0,0,Pop,0,0,124.0,2,1,1,1,3,2,1,2,3,1,1,3,2,2,2,2,6.0,6.0,0.0,0.0,Improve,Moderate,Moderate,None,None
13.0,Youtube music,1.0,1,0,0,Video game music,1,0,120.0,0,0,2,0,0,1,2,0,0,2,1,1,1,0,2,3,4.0,3.0,4.0,0.0,Improve,Moderate,Mild,Moderate,None
26.0,I do not use a streaming service.,1.0,0,0,0,Pop,0,0,192.0,0,1,2,2,0,1,1,2,2,3,0,3,1,1,2,0,6.0,4.0,0.0,0.0,Improve,Moderate,Moderate,None,None
14.0,Spotify,3.0,1,0,0,Rock,1,0,76.0,0,0,0,0,0,2,1,0,0,0,1,2,0,0,3,2,2.0,6.0,3.0,0.0,Worsen,Mild,Moderate,Mild,None
27.0,Spotify,1.0,1,0,0,Pop,1,1,119.0,1,1,1,0,1,2,1,3,0,2,0,3,2,2,2,3,8.0,3.0,3.0,3.0,Improve,Severe,Mild,Mild,Mild
26.0,Spotify,8.0,0,0,0,Rock,0,1,172.0,0,2,2,3,0,3,1,3,0,0,2,2,3,3,3,3,8.0,10.0,7.0,3.0,No effect,Severe,Severe,Severe,Mild
59.0,Other streaming service,1.0,0,1,0,Rock,0,0,79.0,1,0,0,1,2,0,1,0,1,0,0,1,1,0,3,0,1.0,0.0,0.0,1.0,Improve,Mild,None,None,Mild
30.0,Spotify,8.0,1,1,1,Rock,1,0,112.0,2,2,0,1,0,2,2,0,2,2,1,2,2,2,3,0,8.0,6.0,6.0,8.0,Improve,Severe,Moderate,Moderate,Severe
27.0,Spotify,1.0,1,0,0,Pop,1,1,130.0,0,1,2,0,0,2,0,1,2,0,0,3,2,2,2,0,6.0,3.0,1.0,7.0,Improve,Moderate,Mild,Mild,Severe
18.0,Apple music,1.0,0,1,0,Rap,1,1,116.0,1,0,0,0,0,2,0,0,1,2,0,2,0,3,0,2,2.0,0.0,3.0,0.0,Improve,Mild,None,Mild,None
23.0,I do not use a streaming service.,10.0,1,1,1,Metal,0,1,165.0,0,0,0,0,0,0,0,0,0,0,3,0,0,0,2,0,0.0,0.0,0.0,0.0,No effect,None,None,None,None
18.0,Spotify,10.0,1,1,1,Rock,1,0,110.0,2,2,2,2,1,2,2,2,1,1,3,3,2,2,3,0,10.0,10.0,6.0,6.0,Improve,Severe,Severe,Moderate,Moderate
40.0,Spotify,5.0,1,0,0,Rock,1,1,174.0,2,2,2,2,0,3,1,1,2,1,2,3,2,3,3,1,3.0,0.0,0.0,1.0,Improve,Mild,None,None,Mild
24.0,Spotify,10.0,1,0,0,Rock,1,1,180.0,2,0,0,1,0,0,0,0,0,1,2,2,0,0,3,2,7.0,9.0,10.0,0.0,Improve,Severe,Severe,Severe,None
23.0,Spotify,2.0,1,1,0,Classical,1,1,171.0,3,0,1,1,0,0,2,0,1,2,0,3,1,0,3,0,8.0,7.0,6.0,2.0,Improve,Severe,Severe,Moderate,Mild
56.0,Other streaming service,6.0,1,0,0,R&b,0,0,120.0,0,0,0,0,0,2,1,0,0,0,0,0,2,0,0,0,2.0,0.0,10.0,10.0,Improve,Mild,None,Severe,Severe
29.0,Other streaming service,2.0,1,0,0,R&b,1,0,70.0,1,0,3,0,0,3,1,1,2,2,0,3,3,1,0,2,10.0,7.0,9.0,3.0,No effect,Severe,Severe,Severe,Mild
16.0,Other streaming service,3.0,1,0,0,Pop,0,1,120.0,0,0,0,0,0,3,0,3,0,0,0,3,2,0,0,0,6.0,0.0,0.0,0.0,Improve,Moderate,None,None,None
18.0,Spotify,8.0,1,1,1,Gospel,1,1,56.0,1,0,1,0,3,2,2,0,2,3,0,2,3,2,0,2,3.0,0.0,2.0,2.0,Improve,Mild,None,Mild,Mild
21.0,Spotify,8.0,1,0,0,Lofi,1,1,162.0,3,3,3,3,3,3,3,3,3,3,3,3,3,3,3,3,6.0,5.0,9.0,8.0,Improve,Moderate,Moderate,Severe,Severe
32.0,Spotify,8.0,1,0,0,Rock,1,0,101.0,0,0,0,1,0,2,0,0,0,0,2,1,1,2,3,2,7.0,6.0,5.0,8.0,Improve,Severe,Moderate,Moderate,Severe
22.0,Youtube music,8.0,1,1,0,Metal,1,0,110.0,2,0,2,1,1,1,2,0,0,0,3,1,1,0,3,3,10.0,7.0,8.0,6.0,Improve,Severe,Severe,Severe,Moderate
17.0,Spotify,12.0,1,1,0,Latin,1,0,172.0,3,0,1,1,2,3,0,1,3,1,2,1,0,3,3,2,0.0,3.0,9.0,5.0,No effect,None,Mild,Severe,Moderate
18.0,Spotify,6.0,1,0,0,Edm,1,1,90.0,1,0,3,0,0,2,1,3,3,3,0,3,3,3,1,2,0.0,2.0,1.0,5.0,Improve,None,Mild,Mild,Moderate
18.0,Spotify,4.0,1,1,0,R&b,0,1,135.0,2,1,2,0,2,2,0,3,3,1,0,2,3,3,0,1,2.0,0.0,0.0,0.0,No effect,Mild,None,None,None
24.0,Spotify,8.0,1,0,0,Jazz,1,0,81.0,3,0,1,0,0,3,3,0,1,3,0,1,2,2,3,1,2.0,2.0,4.0,0.0,No effect,Mild,Mild,Moderate,None
21.0,Spotify,2.0,0,0,0,Pop,0,0,170.0,1,0,0,0,1,2,0,0,0,2,2,3,2,2,3,2,5.0,6.0,3.0,4.0,No effect,Moderate,Moderate,Mild,Moderate
46.0,I do not use a streaming service.,1.0,0,0,0,Rock,0,0,120.0,0,2,0,0,0,0,0,0,0,0,0,2,0,0,2,0,0.0,0.0,1.0,0.0,No effect,None,None,Mild,None
18.0,Spotify,2.0,1,1,0,Hip hop,1,0,90.0,0,0,0,0,2,3,0,0,0,2,0,2,3,3,0,0,5.0,4.0,3.0,7.0,Improve,Moderate,Moderate,Mild,Severe
16.0,Spotify,3.0,1,1,0,K pop,1,1,115.0,1,0,1,0,0,3,3,3,0,2,0,3,3,3,3,2,2.0,7.0,0.0,0.0,Improve,Mild,Severe,None,None
21.0,Spotify,1.0,1,0,0,Video game music,1,1,120.0,3,3,1,2,1,2,2,0,0,3,1,2,0,2,2,3,0.0,6.0,0.0,4.0,Improve,None,Moderate,None,Moderate
19.0,I do not use a streaming service.,0.0,0,0,0,Classical,1,1,120.0,3,1,2,1,1,2,1,1,1,1,0,1,1,1,1,1,0.0,0.0,0.0,0.0,Improve,None,None,None,None
20.0,Spotify,2.0,1,1,1,Rap,1,1,120.0,2,0,1,0,0,2,2,0,0,1,0,2,2,3,2,2,7.0,5.0,1.0,3.0,Improve,Severe,Moderate,Mild,Mild
21.0,Other streaming service,0.1,1,1,0,Folk,0,1,120.0,2,0,0,3,2,1,0,0,0,0,0,1,0,1,2,0,7.0,5.0,3.0,1.0,No effect,Severe,Moderate,Mild,Mild
56.0,I do not use a streaming service.,2.0,1,0,0,Rock,0,1,220.0,1,0,0,0,0,0,0,0,0,0,3,0,0,1,3,0,3.0,3.0,1.0,8.0,No effect,Mild,Mild,Mild,Severe
21.0,Spotify,12.0,1,0,0,Rock,1,1,160.0,2,1,3,1,1,2,2,1,0,2,3,2,1,2,3,1,7.0,10.0,4.0,7.0,Worsen,Severe,Severe,Moderate,Severe
20.0,Spotify,1.0,1,0,0,Pop,1,0,121.0,1,0,0,3,0,1,1,1,0,2,1,3,1,1,3,0,3.0,2.0,3.0,0.0,Improve,Mild,Mild,Mild,None
21.0,Apple music,1.0,1,0,0,Rock,0,0,105.0,2,0,1,0,0,1,1,0,0,0,1,2,0,0,3,1,5.0,1.0,1.0,9.0,Improve,Moderate,Mild,Mild,Severe
25.0,Spotify,3.0,1,0,0,Rock,0,0,110.0,0,1,0,2,0,0,0,0,0,2,0,1,0,0,3,2,8.0,9.0,4.0,10.0,Improve,Severe,Severe,Moderate,Severe
33.0,Spotify,2.0,1,0,0,Metal,1,1,134.0,1,0,0,2,0,2,1,0,0,0,3,2,2,2,3,2,4.0,8.0,0.0,0.0,Improve,Moderate,Severe,None,None
20.0,Spotify,2.0,1,0,0,Rock,1,1,148.0,1,1,1,1,0,2,2,1,2,2,3,3,2,2,3,1,7.0,9.0,7.0,0.0,Improve,Severe,Severe,Severe,None
17.0,Spotify,3.0,1,1,0,Rock,1,0,120.0,2,2,2,0,0,0,0,1,0,1,3,3,0,1,3,0,1.0,5.0,6.0,4.0,No effect,Mild,Moderate,Moderate,Moderate
24.0,Youtube music,1.0,0,0,0,Jazz,1,1,122.0,1,0,2,1,0,0,2,1,0,1,1,2,1,0,2,3,3.0,2.0,1.0,0.0,No effect,Mild,Mild,Mild,None
26.0,Spotify,3.0,1,1,1,Jazz,1,1,90.0,1,1,1,1,0,2,3,0,2,1,3,1,2,1,3,1,6.0,8.0,0.0,0.0,Improve,Moderate,Severe,None,None
17.0,Youtube music,3.0,1,0,0,Rock,0,0,122.0,1,1,0,1,0,1,1,0,0,1,3,2,0,2,3,3,6.0,3.0,6.0,0.0,Improve,Moderate,Mild,Moderate,None
16.0,Spotify,5.0,1,1,1,Metal,1,1,129.0,2,0,0,1,0,1,2,0,0,1,3,2,0,2,3,2,7.0,4.0,8.0,0.0,Improve,Severe,Moderate,Severe,None
27.0,Spotify,8.0,1,0,0,Metal,1,0,132.0,0,0,1,0,0,2,0,0,0,0,3,3,3,1,2,0,2.0,6.0,9.0,1.0,No effect,Mild,Moderate,Severe,Mild
28.0,Spotify,4.0,1,0,0,Hip hop,1,1,178.0,1,2,2,1,0,3,0,0,3,2,1,3,1,3,2,1,8.0,5.0,3.0,8.0,Improve,Severe,Moderate,Mild,Severe
48.0,I do not use a streaming service.,5.0,1,0,1,Rock,1,1,120.0,3,2,2,3,0,2,1,0,1,0,1,1,1,1,3,1,3.0,3.0,0.0,0.0,Improve,Mild,Mild,None,None
19.0,Spotify,3.0,1,0,0,Rap,0,1,115.0,0,0,1,1,0,2,0,1,0,3,2,3,2,3,2,2,7.0,5.0,3.0,3.0,Improve,Severe,Moderate,Mild,Mild
21.0,Youtube music,4.0,1,0,0,Rock,1,1,137.0,2,3,1,3,0,2,0,0,0,1,2,3,2,2,3,1,4.0,8.0,2.0,3.0,Improve,Moderate,Severe,Mild,Mild
21.0,I do not use a streaming service.,1.0,1,1,0,Classical,0,0,92.0,3,0,0,0,0,0,0,0,0,0,0,0,0,0,0,1,3.0,0.0,0.0,5.0,Improve,Mild,None,None,Moderate
15.0,Spotify,4.0,1,0,0,Metal,1,1,140.0,1,0,2,1,0,1,0,1,0,0,3,2,2,2,3,1,10.0,7.0,3.0,2.0,Improve,Severe,Severe,Mild,Mild
20.0,Spotify,1.0,0,0,0,Rock,1,1,130.0,2,2,1,3,1,1,3,0,0,0,0,3,1,1,3,0,10.0,4.0,8.0,0.0,Improve,Severe,Moderate,Severe,None
21.0,Youtube music,2.0,1,1,0,Video game music,0,1,120.0,2,0,1,2,1,0,1,0,2,2,1,3,2,0,3,3,2.0,2.0,0.0,0.0,Improve,Mild,Mild,None,None
22.0,Spotify,6.0,1,0,0,Folk,1,0,63.0,0,1,2,3,0,1,1,0,2,2,0,1,1,1,3,2,8.0,7.0,7.0,3.0,Improve,Severe,Severe,Severe,Mild
22.0,Spotify,2.0,0,0,0,Rock,0,0,119.0,1,0,0,0,0,1,1,1,0,0,3,3,0,0,3,2,10.0,5.0,2.0,8.0,Improve,Severe,Moderate,Mild,Severe
31.0,Spotify,1.0,1,0,0,Rock,1,0,120.0,3,1,2,1,0,1,1,1,1,2,2,2,0,3,3,3,9.0,10.0,10.0,6.0,No effect,Severe,Severe,Severe,Moderate
20.0,Youtube music,4.0,1,1,0,Metal,1,0,180.0,1,2,0,0,0,0,1,0,0,0,3,0,0,0,3,2,5.0,2.0,1.0,6.0,Improve,Moderate,Mild,Mild,Moderate
49.0,I do not use a streaming service.,8.0,1,1,1,Classical,0,0,68.0,3,0,0,0,0,0,1,0,0,0,1,1,0,0,1,0,4.0,8.0,9.0,1.0,Improve,Moderate,Severe,Severe,Mild
42.0,Spotify,2.0,1,0,0,Metal,1,1,85.0,2,1,0,0,1,1,0,2,2,1,3,3,2,0,3,3,7.0,8.0,5.0,3.0,Improve,Severe,Severe,Moderate,Mild
26.0,Spotify,2.0,1,0,0,Edm,1,1,128.0,1,2,3,2,0,2,1,0,2,1,1,2,1,2,3,0,2.0,2.0,0.0,3.0,No effect,Mild,Mild,None,Mild
17.0,Spotify,10.0,1,0,1,K pop,1,1,150.0,1,2,1,1,0,3,0,3,1,2,3,3,2,3,3,2,10.0,3.0,0.0,4.0,Improve,Severe,Mild,None,Moderate
30.0,I do not use a streaming service.,0.0,0,0,0,Metal,0,0,0.0,1,0,1,0,0,0,0,0,0,0,2,0,0,1,1,1,10.0,10.0,10.0,9.0,Improve,Severe,Severe,Severe,Severe
23.0,Spotify,6.0,1,0,0,Folk,1,1,92.0,2,2,1,2,0,2,2,2,1,1,1,2,2,2,2,1,3.0,7.0,7.0,4.0,No effect,Mild,Severe,Severe,Moderate
30.0,Apple music,3.0,1,0,0,Edm,1,1,121.0,1,0,3,0,1,2,0,3,0,0,1,3,2,2,2,0,7.0,5.0,7.0,7.0,Improve,Severe,Moderate,Severe,Severe
31.0,Spotify,2.0,1,0,0,Metal,0,1,155.0,1,2,0,3,0,1,1,0,0,0,3,3,3,1,3,2,7.0,4.0,8.0,8.0,Improve,Severe,Moderate,Severe,Severe
42.0,Other streaming service,0.25,0,1,0,Classical,1,1,150.0,3,1,0,0,0,0,2,0,1,0,1,2,1,1,2,0,7.0,9.0,4.0,5.0,Improve,Severe,Severe,Moderate,Moderate
16.0,Other streaming service,4.0,1,0,0,Edm,1,1,624.0,2,0,3,0,0,0,0,1,0,0,0,0,0,0,0,2,4.0,7.0,1.0,3.0,Improve,Moderate,Severe,Mild,Mild
34.0,Youtube music,2.0,0,0,0,Metal,1,0,136.0,2,1,0,2,0,1,1,1,1,0,3,2,1,1,3,0,5.0,9.0,9.0,6.0,Improve,Moderate,Severe,Severe,Moderate
21.0,Youtube music,2.0,1,0,0,Pop,1,0,121.0,2,0,3,1,0,1,1,1,2,1,2,3,3,1,2,2,5.0,4.0,10.0,7.0,No effect,Moderate,Moderate,Severe,Severe
27.0,Youtube music,3.0,1,0,0,Pop,0,0,113.0,1,1,1,1,0,3,1,1,1,1,1,3,3,2,2,1,7.0,2.0,0.0,1.0,Improve,Severe,Mild,None,Mild
18.0,Spotify,6.0,1,0,0,Folk,1,1,80.0,0,3,3,3,2,2,1,1,1,2,2,3,2,2,3,2,8.0,6.0,0.0,2.0,Improve,Severe,Moderate,None,Mild
26.0,Spotify,3.0,0,0,0,Metal,1,0,140.0,1,3,0,3,1,2,2,0,0,1,3,1,1,2,3,1,1.0,3.0,10.0,0.0,No effect,Mild,Mild,Severe,None
37.0,Spotify,2.0,1,0,0,Rock,1,0,100.0,0,0,0,0,0,1,0,0,0,0,2,2,1,1,2,0,8.0,10.0,10.0,2.0,Worsen,Severe,Severe,Severe,Mild
26.0,Spotify,5.0,1,1,0,Folk,1,1,92.0,2,1,1,3,0,3,3,0,1,1,2,2,2,3,3,1,4.0,7.0,6.0,0.0,No effect,Moderate,Severe,Moderate,None
19.0,Spotify,4.0,0,0,0,Pop,0,1,120.0,0,0,2,0,0,2,2,2,2,1,0,3,2,2,2,2,9.0,6.0,3.0,0.0,No effect,Severe,Moderate,Mild,None
22.0,Spotify,4.0,1,0,0,Rock,1,0,93.0,0,1,0,0,0,1,0,0,0,1,2,3,1,1,3,3,10.0,7.0,4.0,4.0,Improve,Severe,Severe,Moderate,Moderate
43.0,I do not use a streaming service.,0.0,0,0,0,Rock,0,0,120.0,1,0,0,0,0,1,0,0,0,0,0,2,1,1,2,0,1.0,2.0,2.0,0.0,No effect,Mild,Mild,Mild,None
24.0,I do not use a streaming service.,12.0,1,1,1,Rock,1,0,136.0,2,1,0,2,1,1,1,0,1,0,3,3,1,1,3,3,7.0,10.0,0.0,8.0,Improve,Severe,Severe,None,Severe
21.0,I do not use a streaming service.,0.5,0,0,0,Pop,0,0,108.0,0,0,0,0,0,0,0,2,0,0,0,2,0,0,0,0,10.0,2.0,1.0,10.0,Worsen,Severe,Mild,Mild,Severe
28.0,I do not use a streaming service.,1.0,1,0,0,Rock,0,0,147.0,1,1,0,1,0,0,0,0,0,0,0,2,0,0,2,0,2.0,1.0,2.0,2.0,Improve,Mild,Mild,Mild,Mild
23.0,Youtube music,3.0,1,0,0,R&b,1,1,93.0,3,0,0,3,0,3,3,0,1,3,1,3,3,3,2,1,3.0,10.0,0.0,0.0,No effect,Mild,Severe,None,None
20.0,Apple music,12.0,0,0,0,Rock,1,1,98.0,0,2,1,2,2,2,2,1,0,0,2,3,2,2,3,2,7.0,10.0,2.0,0.0,Improve,Severe,Severe,Mild,None
17.0,Spotify,4.0,1,1,1,Metal,0,0,120.0,0,1,3,0,0,0,1,0,0,1,3,2,0,0,3,2,4.0,2.0,0.0,0.0,Improve,Moderate,Mild,None,None
19.0,Spotify,3.0,1,0,0,R&b,0,0,130.0,1,1,1,1,1,1,1,1,0,0,0,2,2,2,2,1,4.0,2.0,5.0,3.0,Improve,Moderate,Mild,Moderate,Mild
32.0,Spotify,1.0,1,0,0,Metal,1,1,218.0,2,2,2,2,0,1,0,3,1,0,3,1,1,2,3,1,6.0,8.0,7.0,0.0,Improve,Moderate,Severe,Severe,None
18.0,Youtube music,4.0,0,0,0,Folk,1,1,123.0,2,3,2,3,1,2,2,0,0,2,3,3,1,1,3,3,8.0,6.0,4.0,0.0,Improve,Severe,Moderate,Moderate,None
20.0,Other streaming service,2.0,1,1,1,Rock,1,0,135.0,2,1,0,1,0,0,1,1,0,0,0,3,0,0,3,2,2.0,2.0,0.0,0.0,No effect,Mild,Mild,None,None
27.0,Spotify,3.0,1,0,0,Rock,1,1,105.0,1,0,3,1,0,1,1,0,0,3,3,1,1,1,3,3,8.0,7.0,9.0,3.0,Improve,Severe,Severe,Severe,Mild
15.0,Spotify,3.0,1,1,0,Rock,0,1,132.0,2,0,0,0,0,0,0,0,0,1,3,0,0,0,3,1,4.0,3.0,5.0,0.0,No effect,Moderate,Mild,Moderate,None
26.0,Spotify,1.0,1,0,0,Rock,1,1,120.0,1,1,2,2,0,0,0,0,1,3,1,3,1,1,3,2,6.0,1.0,0.0,4.0,No effect,Moderate,Mild,None,Moderate
24.0,Spotify,2.0,1,0,0,Pop,1,1,115.0,0,0,0,0,0,2,1,1,0,1,0,3,3,2,1,1,6.0,6.0,3.0,6.0,Improve,Moderate,Moderate,Mild,Moderate
20.0,Spotify,1.0,1,0,0,K pop,1,1,120.0,2,0,1,0,2,0,1,3,0,2,0,3,2,0,1,0,8.0,7.0,1.0,1.0,No effect,Severe,Severe,Mild,Mild
21.0,Youtube music,0.5,1,0,0,Pop,1,1,120.0,0,1,0,1,0,1,1,1,0,2,0,3,1,1,2,1,5.0,3.0,4.0,1.0,Improve,Moderate,Mild,Moderate,Mild
16.0,Spotify,2.0,1,0,0,Video game music,0,0,149.0,3,0,0,0,0,0,0,0,0,0,0,1,0,1,0,3,6.0,2.0,4.0,3.0,Improve,Moderate,Mild,Moderate,Mild
21.0,Spotify,11.0,1,1,1,Metal,1,1,125.0,1,1,2,1,1,3,2,1,1,3,3,3,2,3,3,3,5.0,6.0,6.0,0.0,Improve,Moderate,Moderate,Moderate,None
27.0,Spotify,10.0,1,1,1,Jazz,1,1,132.0,3,0,0,3,1,1,3,1,1,2,2,2,2,1,2,2,6.0,10.0,8.0,1.0,Improve,Moderate,Severe,Severe,Mild
17.0,Spotify,5.0,1,1,0,Rock,1,0,110.0,3,1,1,2,1,3,3,0,1,3,2,2,3,3,3,2,7.0,3.0,9.0,7.0,Improve,Severe,Mild,Severe,Severe
21.0,Spotify,1.5,1,1,0,Classical,1,1,110.0,3,1,3,3,2,2,3,0,1,2,1,3,1,2,2,2,4.0,6.0,0.0,0.0,No effect,Moderate,Moderate,None,None
17.0,Spotify,2.0,1,0,0,Folk,1,1,116.0,3,2,0,3,2,1,3,0,2,2,0,3,1,0,2,1,9.0,4.0,0.0,1.0,Improve,Severe,Moderate,None,Mild
21.0,Spotify,3.0,0,0,0,Rap,1,1,145.0,2,0,0,1,0,3,0,0,0,2,1,2,2,3,1,2,9.0,7.0,7.0,5.0,Improve,Severe,Severe,Severe,Moderate
17.0,Youtube music,2.0,0,0,1,Rock,1,0,120.0,2,2,2,3,1,2,2,0,0,0,2,2,2,2,3,2,5.0,10.0,2.0,7.0,No effect,Moderate,Severe,Mild,Severe
36.0,Youtube music,3.0,1,0,0,Country,0,1,105.0,3,3,2,0,0,1,0,3,2,0,0,1,2,0,0,0,1.0,0.0,1.0,0.0,Improve,Mild,None,Mild,None
18.0,Spotify,4.0,0,0,0,R&b,1,1,80.0,1,0,1,0,2,3,0,3,0,1,0,3,3,3,0,0,8.0,7.0,2.0,6.0,Improve,Severe,Severe,Mild,Moderate
18.0,Spotify,1.0,0,0,0,K pop,0,1,100.0,0,0,1,0,0,3,0,3,0,2,0,2,2,1,1,0,5.0,1.0,4.0,0.0,Improve,Moderate,Mild,Moderate,None
18.0,Apple music,5.0,1,1,0,Latin,1,1,73.0,3,2,1,0,0,2,1,2,3,2,0,3,2,1,2,0,10.0,6.0,0.0,0.0,Improve,Severe,Moderate,None,None
18.0,Apple music,2.0,1,0,0,R&b,1,0,80.0,0,0,0,0,0,2,0,3,0,0,0,3,3,3,0,0,7.0,5.0,5.0,5.0,Improve,Severe,Moderate,Moderate,Moderate
18.0,Spotify,7.0,1,0,0,Hip hop,1,1,120.0,3,1,0,0,1,3,3,1,0,2,0,2,2,2,1,1,3.0,1.0,0.0,3.0,Improve,Mild,Mild,None,Mild
18.0,Spotify,2.0,1,0,0,Rap,1,1,120.0,1,0,1,0,0,2,1,1,0,2,0,2,1,3,0,1,5.0,8.0,7.0,4.0,Improve,Moderate,Severe,Severe,Moderate
18.0,I do not use a streaming service.,1.0,1,0,0,Classical,0,0,120.0,2,2,1,1,1,2,2,1,1,3,0,1,1,1,1,1,2.0,0.0,0.0,5.0,No effect,Mild,None,None,Moderate
18.0,I do not use a streaming service.,1.0,0,1,0,Classical,0,0,117.0,3,0,2,0,0,2,1,0,0,0,0,2,0,1,0,1,7.0,0.0,0.0,0.0,No effect,Severe,None,None,None
18.0,Spotify,4.0,1,0,0,R&b,0,0,120.0,0,1,0,0,0,3,0,0,0,3,0,2,3,2,0,0,8.0,0.0,0.0,2.0,No effect,Severe,None,None,Mild
20.0,Spotify,6.0,1,0,0,R&b,1,1,89.0,1,0,0,1,0,2,0,2,2,2,0,3,3,3,0,1,4.0,1.0,1.0,0.0,Improve,Moderate,Mild,Mild,None
19.0,Spotify,3.0,1,0,0,Hip hop,1,0,115.0,2,0,1,0,0,3,1,1,0,2,0,3,3,3,0,1,3.0,8.0,0.0,2.0,Improve,Mild,Severe,None,Mild
17.0,Spotify,4.0,1,0,0,Hip hop,1,0,144.0,2,0,0,0,0,3,0,0,0,3,0,2,0,3,0,0,7.0,0.0,2.0,2.0,Improve,Severe,None,Mild,Mild
23.0,Spotify,4.0,1,0,0,Video game music,1,1,105.0,1,1,3,1,1,1,1,1,0,3,2,2,2,2,2,3,10.0,8.0,10.0,0.0,Improve,Severe,Severe,Severe,None
18.0,Youtube music,1.0,1,1,1,Pop,1,0,114.0,0,1,0,2,1,1,0,2,0,2,0,3,1,2,2,0,7.0,1.0,1.0,1.0,Improve,Severe,Mild,Mild,Mild
19.0,Spotify,2.0,1,1,0,Pop,1,1,145.0,1,0,2,0,0,0,0,2,0,0,1,3,0,1,2,2,5.0,9.0,1.0,7.0,No effect,Moderate,Severe,Mild,Severe
89.0,Spotify,24.0,1,1,1,Rap,0,0,143.0,0,0,1,1,0,3,2,0,0,1,1,1,2,3,1,0,0.0,0.0,0.0,0.0,No effect,None,None,None,None
20.0,Spotify,5.0,1,1,1,R&b,1,1,128.0,3,2,0,2,0,3,1,3,3,3,0,3,3,3,3,2,10.0,6.0,3.0,8.0,Improve,Severe,Moderate,Mild,Severe
16.0,Spotify,3.0,0,1,0,Rock,1,1,90.0,1,0,0,1,0,2,2,0,2,0,0,0,2,2,3,0,7.0,3.5,3.5,5.5,Improve,Severe,Unknown,Unknown,Moderate
17.0,Spotify,4.0,1,1,1,Country,1,1,110.0,2,3,0,0,0,1,2,3,1,2,0,3,1,1,2,0,2.0,0.0,0.0,2.0,Improve,Mild,None,None,Mild
16.0,Spotify,9.0,1,0,0,Metal,0,1,130.0,1,0,0,1,0,0,0,1,1,0,3,2,1,1,3,0,10.0,10.0,10.0,8.0,Improve,Severe,Severe,Severe,Severe
20.0,Youtube music,1.0,1,0,0,Pop,0,1,120.0,2,1,1,1,1,2,1,0,0,1,1,3,1,2,1,3,8.0,9.0,6.0,5.0,Worsen,Severe,Severe,Moderate,Moderate
30.0,Youtube music,1.0,1,1,0,Rock,1,1,115.0,2,1,1,1,1,1,1,2,0,2,2,3,1,1,3,2,9.0,7.0,8.0,4.0,Improve,Severe,Severe,Severe,Moderate
37.0,Spotify,2.0,1,0,0,Folk,1,0,186.0,2,2,0,2,0,1,2,0,0,0,1,2,1,1,2,2,6.0,4.0,5.0,0.0,Improve,Moderate,Moderate,Moderate,None
44.0,Youtube music,1.5,0,0,0,Folk,0,0,99.0,1,3,0,3,1,2,0,0,0,0,0,1,1,2,2,0,8.0,5.0,9.0,4.0,Improve,Severe,Moderate,Severe,Moderate
21.0,Spotify,2.0,1,1,0,Metal,1,1,150.0,0,1,1,0,0,0,0,0,0,0,3,1,0,2,3,1,3.0,7.0,0.0,0.0,Improve,Mild,Severe,None,None
19.0,Spotify,4.0,1,1,0,Pop,1,0,149.0,2,2,0,1,0,0,0,0,0,2,0,3,0,0,0,0,9.0,1.0,0.0,9.0,Improve,Severe,Mild,None,Severe
23.0,Spotify,1.0,1,1,0,Rock,1,1,120.0,1,1,2,2,0,2,1,1,0,2,2,3,2,2,3,3,8.0,6.0,1.0,4.0,Improve,Severe,Moderate,Mild,Moderate
26.0,Spotify,1.0,0,0,0,Country,1,0,120.0,2,3,2,1,0,1,0,0,0,0,1,2,0,0,2,1,4.0,1.0,1.0,6.0,Improve,Moderate,Mild,Mild,Moderate
18.0,Spotify,3.0,1,0,0,Video game music,1,1,140.0,2,0,0,0,0,1,2,0,0,1,1,1,1,1,2,3,6.0,5.0,3.0,1.0,No effect,Moderate,Moderate,Mild,Mild
35.0,Spotify,4.0,1,1,1,Hip hop,1,0,90.0,2,1,1,2,0,3,3,0,2,3,1,3,3,3,2,3,7.0,8.0,6.0,5.0,Improve,Severe,Severe,Moderate,Moderate
16.0,Spotify,8.0,1,1,1,Rock,1,0,120.0,3,0,1,2,0,0,1,1,1,1,1,2,1,0,3,2,8.0,9.0,5.0,10.0,Improve,Severe,Severe,Moderate,Severe
19.0,Spotify,5.0,1,0,0,Metal,1,1,210.0,0,0,3,0,0,1,0,0,0,0,3,1,0,1,3,2,8.0,6.0,7.0,0.0,Improve,Severe,Moderate,Severe,None
23.0,I do not use a streaming service.,3.0,1,0,0,Rock,0,0,120.0,0,0,0,1,0,0,2,0,0,1,0,2,1,0,3,0,10.0,5.0,2.0,0.0,Improve,Severe,Moderate,Mild,None
17.0,Youtube music,8.0,1,0,0,Pop,1,1,95.0,1,0,3,0,0,2,1,0,0,3,0,3,0,1,1,3,5.0,2.0,4.0,7.0,No effect,Moderate,Mild,Moderate,Severe
29.0,Apple music,1.0,0,0,0,Country,1,0,163.0,2,3,0,2,2,2,1,0,1,0,1,2,1,1,3,0,9.0,3.0,2.0,0.0,No effect,Severe,Mild,Mild,None
21.0,Spotify,4.0,1,1,1,Pop,0,0,97.0,1,2,0,2,2,1,2,0,0,0,0,2,2,1,2,0,4.0,6.0,3.0,4.0,Improve,Moderate,Moderate,Mild,Moderate
17.0,Spotify,1.0,0,0,0,Metal,1,1,137.0,2,0,0,1,0,1,1,1,2,1,3,2,0,1,3,1,9.0,8.0,4.0,0.0,Improve,Severe,Severe,Moderate,None
23.0,Spotify,2.0,0,0,0,Rock,1,1,120.0,1,0,1,1,0,2,0,1,1,1,3,2,2,2,3,0,5.0,7.0,10.0,2.0,No effect,Moderate,Severe,Severe,Mild
17.0,Spotify,1.0,1,1,0,Metal,1,1,70.0,1,0,1,2,0,0,0,0,3,3,3,2,0,0,3,3,8.0,3.0,9.0,2.0,No effect,Severe,Mild,Severe,Mild
22.0,Spotify,3.0,1,0,0,Video game music,1,1,150.0,1,1,2,2,0,1,2,1,1,1,2,3,1,1,2,3,10.0,10.0,6.0,8.0,Improve,Severe,Severe,Moderate,Severe
17.0,Spotify,5.0,1,0,0,Hip hop,1,0,168.0,1,2,3,0,2,3,0,2,0,2,1,3,3,3,1,1,7.0,7.0,5.0,5.0,Improve,Severe,Severe,Moderate,Moderate
19.0,Spotify,5.0,1,1,0,Pop,1,1,163.0,3,2,1,0,1,1,1,3,2,3,1,3,1,1,2,1,10.0,8.0,1.0,0.0,Improve,Severe,Severe,Mild,None
19.0,Spotify,4.0,1,0,0,Pop,1,1,140.0,2,1,2,0,0,2,2,1,1,2,2,3,2,2,2,2,8.0,6.0,2.0,0.0,Improve,Severe,Moderate,Mild,None
16.0,Spotify,6.0,1,0,0,Pop,1,1,105.0,1,1,2,1,0,3,2,3,3,1,0,3,3,3,0,0,10.0,7.0,6.0,10.0,Improve,Severe,Severe,Moderate,Severe
19.0,Spotify,6.0,1,0,0,Pop,1,1,78.0,1,1,1,0,0,2,2,2,1,2,0,3,1,1,1,2,6.0,6.0,8.0,0.0,Improve,Moderate,Moderate,Severe,None
13.0,Spotify,1.0,1,0,0,Video game music,1,0,128.0,1,2,0,1,0,3,1,1,1,3,3,3,0,2,2,3,10.0,10.0,8.0,4.0,Worsen,Severe,Severe,Severe,Moderate
18.0,Apple music,18.0,1,0,0,Edm,1,0,90.0,2,1,3,0,1,2,2,0,0,2,2,1,2,2,2,2,9.0,8.0,5.0,10.0,Improve,Severe,Severe,Moderate,Severe
26.0,Youtube music,1.0,1,0,0,Metal,1,1,136.0,2,1,2,3,0,0,1,0,0,1,3,1,0,0,0,1,0.0,0.0,0.0,0.0,No effect,None,None,None,None
14.0,Other streaming service,7.0,1,1,0,Country,1,0,108.0,1,3,2,2,3,2,0,0,0,1,2,3,2,2,3,1,7.0,3.0,1.0,2.0,Improve,Severe,Mild,Mild,Mild
21.0,I do not use a streaming service.,0.5,0,0,0,Pop,1,0,95.0,0,1,2,0,0,2,1,2,0,3,0,3,2,2,3,0,6.0,2.0,2.0,0.0,Improve,Moderate,Mild,Mild,None
21.0,Spotify,2.0,1,0,0,R&b,1,1,147.0,2,0,2,1,0,0,2,3,0,2,1,2,3,2,2,2,7.0,6.0,4.0,6.0,Improve,Severe,Moderate,Moderate,Moderate
17.0,Spotify,2.0,1,1,0,Rock,1,1,120.0,3,1,0,2,0,2,1,0,2,1,1,3,0,1,3,0,7.0,6.0,0.0,9.0,Improve,Severe,Moderate,None,Severe
18.0,Spotify,1.0,1,1,0,Pop,1,1,160.0,1,1,0,0,0,0,1,0,0,1,0,3,0,0,2,2,3.0,2.0,2.0,5.0,Improve,Mild,Mild,Mild,Moderate
19.0,Other streaming service,6.0,1,0,1,Rap,1,0,120.0,1,2,2,1,1,3,1,1,1,2,1,2,2,2,1,1,2.0,2.0,2.0,2.0,Improve,Mild,Mild,Mild,Mild
19.0,Spotify,5.0,1,1,0,Classical,0,0,170.0,3,0,0,0,0,0,1,0,0,0,0,0,0,0,0,2,2.0,3.0,2.0,1.0,Improve,Mild,Mild,Mild,Mild
29.0,Youtube music,2.0,1,0,0,Hip hop,1,1,98.0,2,1,3,2,1,3,3,2,0,1,0,2,3,3,3,1,2.0,2.0,2.0,5.0,Improve,Mild,Mild,Mild,Moderate
